date_local,PM25_mean_ugm3,PM25_median_ugm3,PM25_max_ugm3,AQI_mean
2020-01-01,22.808333333333334,25.8,36.0,75.75
2020-01-02,16.228571428571428,17.3,22.0,62.57142857142857
2020-01-03,21.5,24.7,29.2,73.85714285714286
2020-01-04,22.68,26.1,36.8,75.66666666666667
2020-01-05,25.75714285714286,28.6,36.5,80.85714285714286
2020-01-06,13.657142857142857,14.6,22.0,57.42857142857143
2020-01-07,6.5,6.65,9.0,36.166666666666664
2020-01-08,12.342857142857143,14.0,15.9,53.57142857142857
2020-01-09,8.866666666666667,10.45,11.8,45.0
2020-01-10,12.069230769230769,12.2,19.2,54.53846153846154
2020-01-11,18.37142857142857,17.8,26.1,65.28571428571429
2020-01-12,17.085714285714285,18.4,23.9,63.42857142857143
2020-01-13,18.425,19.0,26.1,67.08333333333333
2020-01-14,22.085714285714285,24.4,28.2,73.0
2020-01-15,35.82857142857143,39.0,44.9,103.42857142857143
2020-01-16,24.978571428571428,26.45,30.9,80.5
2020-01-17,6.75,7.1,9.3,37.333333333333336
2020-01-18,10.85,11.399999999999999,17.1,51.166666666666664
2020-01-19,9.572727272727272,10.2,15.3,48.81818181818182
2020-01-20,15.983333333333334,16.8,20.7,63.0
2020-01-21,5.666666666666667,5.2,7.8,31.5
2020-01-22,12.328571428571427,13.25,15.9,55.357142857142854
2020-01-23,12.116666666666667,12.95,15.6,54.666666666666664
2020-01-24,15.283333333333333,16.549999999999997,20.4,60.0
2020-01-25,23.636363636363637,22.8,34.8,76.54545454545455
2020-01-26,23.25,20.6,47.3,77.16666666666667
2020-01-27,19.95,23.15,24.5,68.0
2020-01-28,8.742857142857144,9.25,14.8,44.0
2020-01-29,8.414285714285715,8.4,10.9,45.0
2020-01-30,11.057142857142859,11.5,16.1,52.57142857142857
2020-01-31,9.65,9.8,19.9,45.75
2020-02-01,11.828571428571427,11.8,16.1,53.714285714285715
2020-02-02,15.642857142857142,17.2,20.6,62.57142857142857
2020-02-03,3.6933333333333334,3.4,6.2,20.533333333333335
2020-02-04,5.442857142857143,5.5,7.0,30.285714285714285
2020-02-05,9.071428571428571,9.7,12.3,46.285714285714285
2020-02-06,11.441666666666668,10.9,17.4,54.0
2020-02-07,18.716666666666665,20.05,24.0,67.33333333333333
2020-02-08,21.3125,22.45,27.3,73.0
2020-02-09,10.178571428571429,10.15,14.2,51.214285714285715
2020-02-10,7.328571428571428,7.5,10.0,40.285714285714285
2020-02-11,7.928571428571429,8.3,10.7,43.142857142857146
2020-02-12,9.43,9.4,12.6,48.3
2020-02-13,14.385714285714286,13.7,17.5,60.857142857142854
2020-02-14,15.857142857142858,16.3,17.5,63.714285714285715
2020-02-15,16.4,17.1,22.8,64.5
2020-02-16,16.7,18.1,23.2,61.857142857142854
2020-02-17,18.2,19.2,22.2,67.14285714285714
2020-02-18,16.191666666666666,15.600000000000001,23.3,64.0
2020-02-19,18.228571428571428,18.7,27.3,67.0
2020-02-20,19.25714285714286,21.5,25.0,68.85714285714286
2020-02-21,13.12857142857143,12.05,21.1,56.92857142857143
2020-02-22,6.1571428571428575,6.1,7.9,34.142857142857146
2020-02-23,9.299999999999999,9.3,11.3,49.0
2020-02-24,13.041666666666666,13.45,15.5,57.833333333333336
2020-02-25,12.157142857142857,13.0,16.9,54.57142857142857
2020-02-26,9.157142857142857,9.2,12.2,47.57142857142857
2020-02-27,8.357142857142858,7.7,14.8,42.92857142857143
2020-02-28,7.5,7.5,11.0,40.857142857142854
2020-02-29,7.714285714285714,7.3,9.8,42.42857142857143
2020-03-01,7.266666666666667,7.15,8.6,40.416666666666664
2020-03-02,5.742857142857143,5.0,8.3,31.857142857142858
2020-03-03,7.333333333333333,7.5,9.3,40.833333333333336
2020-03-04,12.776923076923076,13.0,15.3,57.15384615384615
2020-03-05,17.283333333333335,18.9,22.0,66.16666666666667
2020-03-06,12.442857142857141,11.3,19.9,56.857142857142854
2020-03-07,3.233333333333333,3.2,5.8,18.083333333333332
2020-03-08,3.0285714285714285,2.8,4.3,16.857142857142858
2020-03-09,5.528571428571429,4.7,8.5,30.714285714285715
2020-03-10,3.35,3.4,4.4,18.642857142857142
2020-03-11,3.9857142857142853,4.0,4.8,22.142857142857142
2020-03-12,7.428571428571429,7.0,10.2,40.57142857142857
2020-03-13,5.133333333333334,4.95,8.4,28.583333333333332
2020-03-14,4.0,4.2,6.1,22.142857142857142
2020-03-15,4.685714285714285,4.8,5.6,26.142857142857142
2020-03-16,5.142857142857143,5.2,7.6,28.428571428571427
2020-03-17,4.985714285714286,4.3,8.1,27.714285714285715
2020-03-18,6.714285714285714,6.0,11.0,36.57142857142857
2020-03-19,4.108333333333333,4.1,7.0,22.833333333333332
2020-03-20,3.6714285714285717,3.7,5.7,20.428571428571427
2020-03-21,3.6285714285714286,3.1,5.5,20.285714285714285
2020-03-22,4.269230769230769,3.6,7.7,23.76923076923077
2020-03-23,3.157142857142857,2.8,5.0,17.571428571428573
2020-03-24,4.3428571428571425,4.4,6.0,24.142857142857142
2020-03-25,2.8083333333333336,2.65,5.0,15.666666666666666
2020-03-26,3.3285714285714287,3.3,4.7,18.571428571428573
2020-03-27,5.6000000000000005,5.6,8.6,31.0
2020-03-28,7.235714285714286,7.15,8.8,40.285714285714285
2020-03-29,8.471428571428572,8.3,10.2,45.714285714285715
2020-03-30,7.8,8.1,9.7,43.0
2020-03-31,9.308333333333334,9.2,12.6,49.083333333333336
2020-04-01,7.971428571428571,7.9,10.2,44.0
2020-04-02,9.157142857142857,9.2,12.0,48.57142857142857
2020-04-03,9.671428571428573,10.25,10.9,50.42857142857143
2020-04-04,9.37142857142857,9.8,10.5,50.0
2020-04-05,3.1285714285714286,3.0,4.7,17.428571428571427
2020-04-06,2.2166666666666663,2.05,4.1,12.166666666666666
2020-04-07,3.585714285714286,3.2,6.1,20.0
2020-04-08,3.4714285714285715,3.0,5.7,19.428571428571427
2020-04-09,2.557142857142857,2.6,5.1,14.142857142857142
2020-04-10,2.6999999999999997,2.8,3.8,15.0
2020-04-11,6.071428571428571,6.0,7.5,33.857142857142854
2020-04-12,4.454545454545454,4.5,5.5,24.636363636363637
2020-04-13,4.728571428571429,4.5,5.7,26.285714285714285
2020-04-14,9.171428571428573,9.4,11.2,48.714285714285715
2020-04-15,8.264285714285714,7.6,12.5,43.857142857142854
2020-04-16,9.87142857142857,10.2,11.6,51.0
2020-04-17,5.46,5.5,6.4,30.6
2020-04-18,4.8100000000000005,4.75,5.6,26.7
2020-04-19,5.266666666666667,5.1,6.8,29.333333333333332
2020-04-20,7.333333333333333,7.35,8.8,40.666666666666664
2020-04-21,7.941666666666666,7.75,9.2,44.166666666666664
2020-04-22,11.171428571428573,12.0,13.2,54.0
2020-04-23,11.014285714285714,10.9,14.0,53.857142857142854
2020-04-24,10.781818181818181,10.9,14.8,53.45454545454545
2020-04-25,9.333333333333334,9.25,12.2,49.166666666666664
2020-04-26,9.933333333333334,9.55,15.2,50.0
2020-04-27,10.216666666666667,9.7,12.4,52.5
2020-04-28,11.42,11.0,14.4,55.4
2020-04-29,12.549999999999999,11.8,18.7,57.166666666666664
2020-04-30,13.62,13.649999999999999,15.5,59.3
2020-05-01,10.1,10.3,12.8,50.714285714285715
2020-05-02,8.985714285714286,9.1,11.1,48.0
2020-05-03,8.976923076923077,9.0,11.7,48.61538461538461
2020-05-04,11.485714285714284,12.2,14.0,53.42857142857143
2020-05-05,12.771428571428572,12.7,15.0,57.42857142857143
2020-05-06,12.345454545454546,12.7,15.7,56.0
2020-05-07,13.6,14.4,15.3,59.142857142857146
2020-05-08,15.0,14.9,19.6,62.142857142857146
2020-05-09,15.6,16.45,18.4,62.42857142857143
2020-05-10,11.428571428571429,11.8,14.0,53.857142857142854
2020-05-11,9.114285714285714,8.6,11.3,49.0
2020-05-12,5.266666666666667,5.0,7.0,29.333333333333332
2020-05-13,5.7,5.9,6.8,31.714285714285715
2020-05-14,7.8428571428571425,7.6,10.6,42.857142857142854
2020-05-15,8.707142857142857,8.75,10.2,47.642857142857146
2020-05-16,9.842857142857142,10.5,11.2,50.57142857142857
2020-05-17,8.057142857142857,7.9,9.6,44.42857142857143
2020-05-18,3.516666666666667,3.4,5.4,19.583333333333332
2020-05-19,5.1571428571428575,5.5,6.9,28.714285714285715
2020-05-20,6.614285714285714,6.7,9.4,36.42857142857143
2020-05-21,9.328571428571427,9.6,12.2,49.42857142857143
2020-05-22,10.828571428571427,10.5,13.1,53.57142857142857
2020-05-23,11.185714285714285,11.7,13.6,52.57142857142857
2020-05-24,13.908333333333333,14.35,17.0,58.833333333333336
2020-05-25,14.314285714285715,15.3,18.1,58.57142857142857
2020-05-26,13.785714285714286,14.3,16.5,59.142857142857146
2020-05-27,12.164285714285715,12.2,15.6,56.57142857142857
2020-05-28,8.785714285714286,9.5,10.7,46.714285714285715
2020-05-29,4.1,3.3,8.6,22.857142857142858
2020-05-30,5.3,4.3,14.6,27.666666666666668
2020-05-31,6.114285714285714,5.9,8.2,34.142857142857146
2020-06-01,8.528571428571428,8.5,10.5,45.714285714285715
2020-06-02,11.276923076923076,11.8,13.1,54.30769230769231
2020-06-03,13.357142857142858,13.9,16.6,58.285714285714285
2020-06-04,10.942857142857141,10.9,12.6,54.42857142857143
2020-06-05,6.316666666666666,6.05,7.9,35.166666666666664
2020-06-06,6.371428571428572,6.6,7.9,35.42857142857143
2020-06-07,8.085714285714285,8.2,10.7,43.857142857142854
2020-06-08,5.771428571428571,5.95,8.7,32.07142857142857
2020-06-09,6.68,6.6,9.6,37.0
2020-06-10,11.057142857142859,10.6,15.2,54.142857142857146
2020-06-11,9.9,9.9,11.9,51.833333333333336
2020-06-12,8.042857142857143,7.5,9.9,44.285714285714285
2020-06-13,6.714285714285714,6.9,8.4,37.285714285714285
2020-06-14,8.778571428571428,9.45,11.2,47.42857142857143
2020-06-15,8.014285714285714,8.2,10.2,43.857142857142854
2020-06-16,8.142857142857142,8.0,9.2,45.142857142857146
2020-06-17,7.816666666666666,7.9,9.8,43.166666666666664
2020-06-18,8.614285714285714,8.1,10.6,47.0
2020-06-19,9.785714285714286,9.6,11.2,51.857142857142854
2020-06-20,8.707692307692309,8.6,9.9,48.0
2020-06-21,8.166666666666666,8.2,9.6,45.0
2020-06-22,8.583333333333334,8.55,10.6,46.833333333333336
2020-06-23,9.463636363636363,9.2,13.2,49.18181818181818
2020-06-24,9.971428571428572,9.6,13.1,51.42857142857143
2020-06-25,6.3999999999999995,6.3,8.4,35.714285714285715
2020-06-26,8.25,7.85,12.2,44.642857142857146
2020-06-27,8.828571428571427,8.3,10.8,47.42857142857143
2020-06-28,3.257142857142857,2.7,6.2,18.142857142857142
2020-06-29,5.1000000000000005,4.85,6.8,28.416666666666668
2020-06-30,9.842857142857143,9.8,11.8,51.0
2020-07-01,9.585714285714285,9.1,13.2,50.42857142857143
2020-07-02,8.557142857142857,8.55,10.4,47.07142857142857
2020-07-03,9.257142857142856,8.8,11.7,48.857142857142854
2020-07-04,45.48571428571428,38.4,90.2,115.28571428571429
2020-07-05,59.5,58.7,175.0,134.33333333333334
2020-07-06,13.757142857142856,13.5,18.5,59.57142857142857
2020-07-07,15.142857142857142,14.9,19.3,62.142857142857146
2020-07-08,14.814285714285715,14.5,20.3,61.5
2020-07-09,14.442857142857141,15.0,17.4,60.57142857142857
2020-07-10,14.333333333333334,14.15,18.3,60.5
2020-07-11,9.700000000000001,9.8,12.8,50.083333333333336
2020-07-12,11.557142857142859,12.5,13.7,53.285714285714285
2020-07-13,13.957142857142857,14.3,16.3,59.285714285714285
2020-07-14,11.492857142857144,11.7,14.2,54.857142857142854
2020-07-15,8.285714285714286,8.3,10.3,45.42857142857143
2020-07-16,8.157142857142857,7.4,10.6,44.42857142857143
2020-07-17,7.341666666666666,7.050000000000001,9.6,40.583333333333336
2020-07-18,5.085714285714286,4.6,7.0,28.285714285714285
2020-07-19,6.114285714285714,5.8,7.2,34.0
2020-07-20,8.335714285714285,8.05,11.4,45.285714285714285
2020-07-21,9.4,9.2,12.5,49.57142857142857
2020-07-22,7.957142857142857,7.8,10.1,43.57142857142857
2020-07-23,6.954545454545454,7.2,8.4,38.72727272727273
2020-07-24,6.614285714285714,7.1,7.8,36.714285714285715
2020-07-25,8.828571428571427,9.0,10.6,47.714285714285715
2020-07-26,9.65,9.75,13.5,50.785714285714285
2020-07-27,9.357142857142858,9.7,12.1,49.285714285714285
2020-07-28,10.328571428571427,9.8,13.3,52.857142857142854
2020-07-29,11.458333333333334,10.75,15.7,54.833333333333336
2020-07-30,9.814285714285715,9.1,14.1,50.57142857142857
2020-07-31,13.157142857142858,13.5,16.7,57.0
2020-08-01,13.299999999999999,13.35,16.7,58.857142857142854
2020-08-02,11.157142857142857,10.6,15.5,54.57142857142857
2020-08-03,12.314285714285715,13.6,16.4,54.857142857142854
2020-08-04,10.541666666666666,10.75,13.0,53.0
2020-08-05,8.985714285714286,9.2,10.1,48.714285714285715
2020-08-06,9.0,8.8,11.2,48.42857142857143
2020-08-07,9.228571428571428,9.2,11.3,49.5
2020-08-08,11.242857142857144,11.4,14.4,52.57142857142857
2020-08-09,9.257142857142856,9.7,11.8,48.42857142857143
2020-08-10,9.308333333333334,9.05,14.0,48.583333333333336
2020-08-11,7.842857142857143,7.8,10.8,42.285714285714285
2020-08-12,9.642857142857142,9.3,12.7,49.57142857142857
2020-08-13,9.807142857142859,9.0,17.8,50.5
2020-08-14,12.771428571428572,11.5,25.8,57.285714285714285
2020-08-15,18.17142857142857,16.2,27.3,67.85714285714286
2020-08-16,15.533333333333333,12.149999999999999,48.6,63.666666666666664
2020-08-17,16.52857142857143,14.6,32.1,64.71428571428571
2020-08-18,18.071428571428573,15.4,36.0,67.85714285714286
2020-08-19,15.364285714285714,14.5,34.1,62.714285714285715
2020-08-20,19.357142857142858,12.2,59.3,71.57142857142857
2020-08-21,25.957142857142856,18.1,74.7,81.14285714285714
2020-08-22,22.150000000000002,22.35,26.1,75.33333333333333
2020-08-23,12.87142857142857,12.1,18.0,58.0
2020-08-24,12.1,11.9,15.3,56.285714285714285
2020-08-25,9.76923076923077,9.9,11.9,50.84615384615385
2020-08-26,10.3625,10.95,12.3,52.0
2020-08-27,17.04285714285714,16.8,19.4,65.85714285714286
2020-08-28,11.591666666666667,12.6,14.7,54.583333333333336
2020-08-29,9.471428571428572,9.4,13.3,48.857142857142854
2020-08-30,8.928571428571429,9.0,11.8,47.42857142857143
2020-08-31,10.178571428571429,9.7,13.7,52.714285714285715
2020-09-01,9.37142857142857,8.7,12.4,48.714285714285715
2020-09-02,10.571428571428571,10.3,11.8,53.42857142857143
2020-09-03,14.758333333333333,13.7,22.7,61.5
2020-09-04,19.042857142857144,19.2,21.5,69.57142857142857
2020-09-05,21.057142857142857,21.4,24.9,73.14285714285714
2020-09-06,18.384615384615383,19.3,24.8,68.15384615384616
2020-09-07,24.7,14.8,73.9,78.66666666666667
2020-09-08,19.216666666666665,13.8,45.9,71.0
2020-09-09,14.966666666666667,14.100000000000001,33.0,61.083333333333336
2020-09-10,18.257142857142856,18.3,31.5,67.71428571428571
2020-09-11,37.8875,39.75,48.7,108.875
2020-09-12,53.306666666666665,55.0,102.7,139.0
2020-09-13,45.4625,47.150000000000006,52.1,126.5
2020-09-14,58.125,59.3,66.5,149.625
2020-09-15,57.93846153846154,56.7,74.1,146.3846153846154
2020-09-16,42.94444444444444,43.0,60.0,118.55555555555556
2020-09-17,22.457142857142856,21.3,28.5,75.85714285714286
2020-09-18,20.642857142857142,20.25,27.7,72.42857142857143
2020-09-19,13.414285714285715,12.9,15.3,59.285714285714285
2020-09-20,15.2,15.1,18.4,62.42857142857143
2020-09-21,16.175,15.9,23.0,64.25
2020-09-22,15.728571428571428,15.5,20.9,63.42857142857143
2020-09-23,15.87142857142857,15.1,24.5,63.57142857142857
2020-09-24,15.842857142857143,14.0,32.7,63.57142857142857
2020-09-25,12.033333333333333,11.75,14.4,56.666666666666664
2020-09-26,14.471428571428572,12.7,25.0,61.0
2020-09-27,14.15,13.95,20.0,60.333333333333336
2020-09-28,16.585714285714285,16.8,21.2,64.85714285714286
2020-09-29,12.557142857142859,11.9,18.1,56.57142857142857
2020-09-30,14.385714285714286,14.1,18.7,61.07142857142857
2020-10-01,17.985714285714288,18.0,23.4,67.57142857142857
2020-10-02,20.571428571428573,20.5,26.8,72.14285714285714
2020-10-03,25.116666666666664,23.75,39.8,81.0
2020-10-04,40.65714285714286,41.6,46.0,113.85714285714286
2020-10-05,36.32857142857143,35.9,43.4,103.57142857142857
2020-10-06,31.214285714285715,30.95,39.9,92.78571428571429
2020-10-07,23.842857142857145,23.7,26.8,78.14285714285714
2020-10-08,18.599999999999998,18.8,22.8,68.85714285714286
2020-10-09,16.033333333333335,16.65,18.5,63.916666666666664
2020-10-10,10.285714285714286,10.9,12.4,52.42857142857143
2020-10-11,8.471428571428572,8.1,11.4,45.42857142857143
2020-10-12,13.184615384615386,12.5,17.7,58.53846153846154
2020-10-13,15.4,15.9,20.7,63.0
2020-10-14,18.657142857142855,18.9,22.3,69.0
2020-10-15,18.483333333333334,19.15,22.7,68.58333333333333
2020-10-16,13.842857142857142,14.0,17.7,59.57142857142857
2020-10-17,13.014285714285716,13.3,16.6,58.0
2020-10-18,18.6,19.0,23.8,68.61538461538461
2020-10-19,13.657142857142857,13.0,18.3,59.42857142857143
2020-10-20,19.416666666666668,18.75,26.4,70.16666666666667
2020-10-21,25.845454545454547,26.1,35.4,82.27272727272727
2020-10-22,11.533333333333333,10.55,15.9,55.666666666666664
2020-10-23,10.700000000000001,9.4,14.7,53.333333333333336
2020-10-24,7.923076923076923,7.8,10.1,43.61538461538461
2020-10-25,6.6000000000000005,6.2,8.8,36.333333333333336
2020-10-26,24.849999999999998,27.15,30.2,80.16666666666667
2020-10-27,38.58181818181818,46.8,61.8,110.18181818181819
2020-10-28,22.21666666666667,23.2,33.5,74.0
2020-10-29,22.8,24.85,31.1,75.83333333333333
2020-10-30,17.9,19.0,23.4,67.07692307692308
2020-10-31,19.733333333333334,20.75,29.2,70.33333333333333
2020-11-01,17.17142857142857,18.3,23.1,64.85714285714286
2020-11-02,17.625,16.450000000000003,24.7,66.91666666666667
2020-11-03,31.557142857142857,35.3,40.6,94.28571428571429
2020-11-04,26.728571428571428,30.0,32.7,83.71428571428571
2020-11-05,15.521428571428572,16.05,23.8,61.785714285714285
2020-11-06,12.114285714285714,12.6,13.2,56.857142857142854
2020-11-07,4.8999999999999995,4.6,7.0,27.428571428571427
2020-11-08,7.258333333333333,6.9,12.1,39.25
2020-11-09,8.957142857142857,9.0,12.4,46.857142857142854
2020-11-10,11.528571428571428,11.9,15.6,54.0
2020-11-11,14.241666666666667,14.45,19.5,60.083333333333336
2020-11-12,18.900000000000002,20.7,26.2,69.42857142857143
2020-11-13,18.714285714285715,20.5,23.5,68.85714285714286
2020-11-14,15.924999999999999,16.5,22.7,63.166666666666664
2020-11-15,18.357142857142858,21.1,27.3,67.28571428571429
2020-11-16,10.328571428571427,10.0,13.8,51.714285714285715
2020-11-17,13.285714285714286,13.85,17.7,57.285714285714285
2020-11-18,7.783333333333334,7.5,12.5,40.0
2020-11-19,11.75,13.25,15.4,51.833333333333336
2020-11-20,18.441666666666666,20.3,29.0,68.16666666666667
2020-11-21,22.571428571428573,25.4,32.9,75.0
2020-11-22,23.52857142857143,24.2,36.4,75.85714285714286
2020-11-23,19.835714285714285,20.75,28.0,69.85714285714286
2020-11-24,17.514285714285712,19.3,20.2,66.0
2020-11-25,20.52857142857143,22.6,25.0,72.28571428571429
2020-11-26,16.791666666666668,16.799999999999997,27.0,63.166666666666664
2020-11-27,16.02857142857143,15.5,27.8,61.0
2020-11-28,11.971428571428572,11.8,18.5,55.57142857142857
2020-11-29,11.657142857142857,10.9,19.2,53.142857142857146
2020-11-30,15.299999999999999,16.2,21.4,60.857142857142854
2020-12-01,19.728571428571428,22.2,26.3,70.28571428571429
2020-12-02,18.69,20.65,31.0,65.9
2020-12-03,28.271428571428572,35.8,38.7,86.42857142857143
2020-12-04,14.84,15.7,19.8,61.6
2020-12-05,22.86428571428571,24.5,38.3,76.07142857142857
2020-12-06,27.171428571428574,30.8,38.7,85.14285714285714
2020-12-07,23.385714285714283,27.0,31.9,77.42857142857143
2020-12-08,9.566666666666666,8.9,16.4,46.083333333333336
2020-12-09,14.714285714285714,14.8,18.2,61.285714285714285
2020-12-10,16.014285714285712,16.4,20.3,64.0
2020-12-11,19.057142857142857,20.450000000000003,26.4,67.92857142857143
2020-12-12,20.8,22.3,33.7,70.14285714285714
2020-12-13,14.971428571428572,15.4,22.5,60.42857142857143
2020-12-14,7.166666666666667,7.3,11.1,38.833333333333336
2020-12-15,14.471428571428572,13.4,28.7,59.285714285714285
2020-12-16,14.528571428571428,14.2,20.2,59.42857142857143
2020-12-17,13.66923076923077,14.1,21.5,57.84615384615385
2020-12-18,17.083333333333332,17.1,30.2,64.16666666666667
2020-12-19,17.757142857142856,19.7,26.8,66.71428571428571
2020-12-20,13.266666666666666,12.1,27.1,55.5
2020-12-21,12.942857142857141,14.3,16.8,57.142857142857146
2020-12-22,16.757142857142856,17.4,23.0,63.714285714285715
2020-12-23,22.364285714285717,23.7,32.5,74.64285714285714
2020-12-24,11.200000000000001,12.1,14.3,53.42857142857143
2020-12-25,17.485714285714288,18.5,23.1,65.42857142857143
2020-12-26,20.316666666666666,19.8,39.5,70.33333333333333
2020-12-27,11.728571428571428,10.8,19.6,53.57142857142857
2020-12-28,5.171428571428572,5.0,10.7,28.0
2020-12-29,8.807142857142857,7.6,17.5,42.92857142857143
2020-12-30,15.87142857142857,17.4,24.2,62.285714285714285
2020-12-31,24.32857142857143,27.2,43.2,78.71428571428571
2021-01-01,41.858333333333334,35.45,103.2,102.58333333333333
2021-01-02,14.633333333333333,13.95,22.2,59.5
2021-01-03,16.683333333333334,18.75,21.5,62.166666666666664
2021-01-04,18.291666666666668,19.25,23.1,67.33333333333333
2021-01-05,21.083333333333332,24.3,26.9,69.66666666666667
2021-01-06,22.400000000000002,25.3,30.3,74.42857142857143
2021-01-07,17.525000000000002,19.85,26.9,65.91666666666667
2021-01-08,21.814285714285713,23.9,28.7,73.0
2021-01-09,23.457142857142856,26.3,33.0,75.85714285714286
2021-01-10,9.985714285714286,7.35,18.7,45.857142857142854
2021-01-11,13.528571428571428,13.9,18.7,58.57142857142857
2021-01-12,13.557142857142855,13.7,18.5,58.57142857142857
2021-01-13,13.308333333333332,13.15,22.8,55.75
2021-01-14,20.057142857142857,22.0,27.9,71.42857142857143
2021-01-15,18.066666666666666,21.55,25.7,66.0
2021-01-16,15.976923076923075,14.1,31.3,59.0
2021-01-17,17.116666666666667,19.7,27.0,63.833333333333336
2021-01-18,14.983333333333333,16.1,21.3,59.833333333333336
2021-01-19,7.581818181818182,7.7,13.0,40.63636363636363
2021-01-20,6.271428571428571,6.5,8.8,34.857142857142854
2021-01-21,9.657142857142857,10.2,12.8,49.285714285714285
2021-01-22,7.314285714285715,7.199999999999999,10.4,39.92857142857143
2021-01-23,6.228571428571429,6.5,8.6,34.57142857142857
2021-01-24,11.1,11.8,15.1,52.0
2021-01-25,4.158333333333333,4.15,6.7,23.0
2021-01-26,6.585714285714286,7.5,9.3,36.714285714285715
2021-01-27,5.985714285714286,6.1,7.7,33.285714285714285
2021-01-28,6.685714285714286,6.449999999999999,9.6,37.07142857142857
2021-01-29,5.885714285714286,6.1,11.1,31.714285714285715
2021-01-30,11.528571428571428,11.8,15.4,54.142857142857146
2021-01-31,8.575000000000001,8.95,13.7,45.166666666666664
2021-02-01,9.714285714285714,9.7,13.1,49.57142857142857
2021-02-02,7.8428571428571425,7.9,10.5,43.0
2021-02-03,9.25,9.7,11.8,48.07142857142857
2021-02-04,11.2,11.7,14.6,53.42857142857143
2021-02-05,14.966666666666667,15.05,18.5,61.833333333333336
2021-02-06,19.11818181818182,20.2,33.5,68.18181818181819
2021-02-07,20.783333333333335,22.45,26.7,72.5
2021-02-08,14.416666666666666,12.9,26.2,60.833333333333336
2021-02-09,14.553846153846154,14.9,20.7,61.23076923076923
2021-02-10,16.383333333333333,16.75,20.3,64.5
2021-02-11,21.383333333333336,23.25,27.0,71.83333333333333
2021-02-12,7.625,7.55,10.2,42.166666666666664
2021-02-13,8.157142857142857,8.8,10.0,44.857142857142854
2021-02-14,3.914285714285714,3.9,5.2,21.714285714285715
2021-02-15,9.328571428571427,9.8,11.5,48.857142857142854
2021-02-16,8.75,8.7,12.1,46.166666666666664
2021-02-17,9.316666666666666,10.0,12.3,47.333333333333336
2021-02-18,8.35,7.65,14.4,42.416666666666664
2021-02-19,11.171428571428573,11.7,15.4,52.57142857142857
2021-02-20,11.057142857142859,11.9,15.4,52.57142857142857
2021-02-21,8.9,8.8,16.2,43.92857142857143
2021-02-22,8.442857142857143,9.4,12.1,44.57142857142857
2021-02-23,10.9,11.0,15.8,52.142857142857146
2021-02-24,10.674999999999999,11.0,13.7,52.416666666666664
2021-02-25,11.914285714285715,12.1,14.5,55.857142857142854
2021-02-26,12.742857142857144,13.3,16.9,57.714285714285715
2021-02-27,12.635714285714286,13.35,19.1,55.785714285714285
2021-02-28,9.457142857142857,9.9,12.9,47.714285714285715
2021-03-01,6.742857142857143,6.7,8.8,37.57142857142857
2021-03-02,8.424999999999999,7.85,13.9,43.416666666666664
2021-03-03,8.971428571428572,9.2,12.2,47.42857142857143
2021-03-04,9.757142857142856,10.0,13.4,49.857142857142854
2021-03-05,10.421428571428573,10.05,18.0,51.714285714285715
2021-03-06,9.799999999999999,10.2,11.7,50.57142857142857
2021-03-07,7.485714285714286,7.5,8.6,41.714285714285715
2021-03-08,7.0249999999999995,6.6,10.6,38.666666666666664
2021-03-09,7.7,7.9,9.9,42.42857142857143
2021-03-10,3.6142857142857143,3.2,5.3,20.142857142857142
2021-03-11,3.3000000000000003,2.75,6.4,18.428571428571427
2021-03-12,7.614285714285714,7.6,12.6,40.42857142857143
2021-03-13,12.414285714285715,13.6,16.2,55.142857142857146
2021-03-14,9.558333333333334,9.8,11.0,50.75
2021-03-15,4.328571428571428,4.1,6.1,24.142857142857142
2021-03-16,5.514285714285714,5.5,7.9,30.714285714285715
2021-03-17,9.535714285714286,9.9,12.9,50.142857142857146
2021-03-18,9.700000000000001,9.1,12.2,51.0
2021-03-19,7.585714285714286,7.6,9.2,42.142857142857146
2021-03-20,6.941666666666666,7.5,8.9,38.583333333333336
2021-03-21,9.357142857142858,10.3,11.3,48.42857142857143
2021-03-22,9.771428571428572,10.2,11.8,50.142857142857146
2021-03-23,8.52142857142857,8.75,11.4,45.642857142857146
2021-03-24,7.614285714285714,8.0,11.9,40.714285714285715
2021-03-25,8.385714285714284,7.8,11.3,44.857142857142854
2021-03-26,7.58,7.65,10.6,41.6
2021-03-27,11.450000000000001,11.85,14.2,53.5
2021-03-28,11.016666666666666,11.25,15.0,51.833333333333336
2021-03-29,11.384615384615385,12.3,14.0,54.38461538461539
2021-03-30,14.033333333333333,14.25,15.5,60.333333333333336
2021-03-31,12.299999999999999,13.35,15.3,54.666666666666664
2021-04-01,9.445454545454545,9.2,12.6,49.36363636363637
2021-04-02,12.033333333333333,12.45,13.4,56.333333333333336
2021-04-03,16.583333333333332,17.6,20.5,64.66666666666667
2021-04-04,13.307692307692308,14.6,15.9,57.61538461538461
2021-04-05,10.733333333333334,11.95,13.0,51.333333333333336
2021-04-06,11.616666666666667,12.45,13.2,54.5
2021-04-07,13.336363636363636,13.7,16.6,57.90909090909091
2021-04-08,12.216666666666667,13.2,14.4,54.833333333333336
2021-04-09,13.383333333333333,15.0,16.7,56.5
2021-04-10,16.03846153846154,17.3,18.2,62.92307692307692
2021-04-11,15.983333333333334,17.6,20.5,61.833333333333336
2021-04-12,15.299999999999999,15.6,18.4,62.5
2021-04-13,11.572727272727272,11.2,13.3,55.54545454545455
2021-04-14,10.533333333333333,11.1,11.8,52.833333333333336
2021-04-15,12.683333333333332,13.5,14.7,57.0
2021-04-16,14.283333333333333,14.75,19.8,60.666666666666664
2021-04-17,13.966666666666667,15.05,16.8,58.333333333333336
2021-04-18,9.583333333333334,10.399999999999999,11.5,49.0
2021-04-19,11.481818181818182,12.8,16.0,54.09090909090909
2021-04-20,13.180000000000001,12.8,16.1,58.4
2021-04-21,8.540000000000001,9.0,9.6,47.2
2021-04-22,7.641666666666667,7.45,9.6,42.25
2021-04-23,8.383333333333333,8.55,8.7,46.666666666666664
2021-04-24,9.183333333333334,8.95,10.4,50.166666666666664
2021-04-25,6.2,5.949999999999999,7.9,34.5
2021-04-26,4.016666666666667,3.85,5.9,22.166666666666668
2021-04-27,5.983333333333333,5.699999999999999,7.0,33.166666666666664
2021-04-28,8.441666666666666,8.35,12.3,45.916666666666664
2021-04-29,11.450000000000001,11.4,13.0,55.166666666666664
2021-04-30,13.357142857142858,14.1,16.2,57.714285714285715
2021-05-01,11.57,10.95,15.9,55.3
2021-05-02,9.242857142857144,9.1,11.2,49.857142857142854
2021-05-03,12.742857142857144,13.5,14.7,56.57142857142857
2021-05-04,15.407692307692308,15.3,18.7,62.61538461538461
2021-05-05,15.3,15.55,18.3,62.0
2021-05-06,12.528571428571428,12.1,16.1,57.57142857142857
2021-05-07,9.583333333333334,9.7,11.7,50.333333333333336
2021-05-08,9.271428571428572,9.2,10.7,49.857142857142854
2021-05-09,12.385714285714286,12.6,14.6,57.142857142857146
2021-05-10,11.164285714285715,11.149999999999999,13.0,54.857142857142854
2021-05-11,11.571428571428571,11.8,13.1,55.57142857142857
2021-05-12,10.571428571428571,10.2,12.5,53.714285714285715
2021-05-13,9.825000000000001,9.7,12.0,51.083333333333336
2021-05-14,9.87142857142857,9.1,14.3,50.57142857142857
2021-05-15,7.083333333333333,6.1,13.3,37.0
2021-05-16,4.3307692307692305,3.5,13.7,22.76923076923077
2021-05-17,5.383333333333333,5.550000000000001,6.3,30.0
2021-05-18,8.28,8.5,9.9,45.4
2021-05-19,10.200000000000001,9.850000000000001,12.3,52.75
2021-05-20,12.228571428571428,12.9,14.0,56.142857142857146
2021-05-21,10.985714285714286,11.5,14.4,52.285714285714285
2021-05-22,10.15,10.25,12.4,51.92857142857143
2021-05-23,10.971428571428572,11.8,13.0,52.285714285714285
2021-05-24,11.057142857142859,11.5,13.7,53.0
2021-05-25,10.933333333333332,11.45,12.2,53.5
2021-05-26,11.942857142857145,12.4,14.8,55.0
2021-05-27,11.685714285714285,11.6,13.8,56.0
2021-05-28,11.392857142857142,11.85,13.2,54.785714285714285
2021-05-29,9.5,9.6,11.2,50.42857142857143
2021-05-30,7.8999999999999995,7.7,11.0,43.142857142857146
2021-05-31,9.85,9.85,12.0,51.666666666666664
2021-06-01,12.257142857142856,13.0,13.8,56.857142857142854
2021-06-02,10.285714285714286,9.9,14.2,52.714285714285715
2021-06-03,7.8538461538461535,7.4,10.4,42.84615384615385
2021-06-04,7.1571428571428575,6.4,11.2,38.857142857142854
2021-06-05,6.3428571428571425,5.6,9.4,35.142857142857146
2021-06-06,5.0249999999999995,4.699999999999999,6.6,27.916666666666668
2021-06-07,3.7285714285714286,3.4,7.0,20.571428571428573
2021-06-08,6.433333333333333,6.4,8.2,35.833333333333336
2021-06-09,6.878571428571428,7.199999999999999,8.8,38.214285714285715
2021-06-10,7.771428571428571,8.1,9.9,42.714285714285715
2021-06-11,10.757142857142856,11.0,12.1,54.142857142857146
2021-06-12,10.516666666666666,10.55,12.2,53.5
2021-06-13,7.885714285714286,7.9,10.2,43.285714285714285
2021-06-14,8.77142857142857,8.6,10.0,48.0
2021-06-15,11.364285714285714,11.4,14.3,54.857142857142854
2021-06-16,13.9,13.7,15.6,59.857142857142854
2021-06-17,11.214285714285714,9.6,17.6,53.57142857142857
2021-06-18,12.325000000000001,12.2,15.6,57.083333333333336
2021-06-19,11.828571428571427,11.9,15.1,56.0
2021-06-20,10.785714285714286,10.1,15.3,53.57142857142857
2021-06-21,9.35,9.7,11.2,49.57142857142857
2021-06-22,6.214285714285714,6.5,7.2,34.57142857142857
2021-06-23,5.385714285714286,5.2,7.2,29.857142857142858
2021-06-24,4.2,4.25,5.6,23.333333333333332
2021-06-25,5.957142857142857,5.9,7.2,33.142857142857146
2021-06-26,10.12857142857143,10.4,11.1,52.42857142857143
2021-06-27,12.071428571428571,12.149999999999999,13.7,56.5
2021-06-28,12.0,11.8,14.3,56.42857142857143
2021-06-29,8.171428571428573,7.1,13.0,42.714285714285715
2021-06-30,7.7749999999999995,7.449999999999999,11.5,41.916666666666664
2021-07-01,8.085714285714285,7.9,9.3,44.714285714285715
2021-07-02,10.185714285714285,9.8,13.4,52.142857142857146
2021-07-03,9.235714285714286,9.55,12.3,49.0
2021-07-04,24.025000000000002,22.0,45.2,79.5
2021-07-05,12.542857142857143,13.2,16.6,56.57142857142857
2021-07-06,9.166666666666666,9.55,11.4,48.833333333333336
2021-07-07,10.385714285714286,10.5,11.8,53.285714285714285
2021-07-08,11.685714285714285,12.2,13.3,55.857142857142854
2021-07-09,12.228571428571428,12.45,13.9,56.857142857142854
2021-07-10,13.885714285714286,14.1,15.7,60.0
2021-07-11,11.714285714285714,11.7,15.0,55.714285714285715
2021-07-12,10.6,10.55,12.1,53.75
2021-07-13,13.014285714285714,12.3,16.0,58.142857142857146
2021-07-14,8.814285714285715,9.3,9.6,48.57142857142857
2021-07-15,7.1000000000000005,6.9,9.2,39.57142857142857
2021-07-16,7.3,7.0,9.7,40.42857142857143
2021-07-17,8.785714285714286,8.7,10.7,47.714285714285715
2021-07-18,9.233333333333333,9.1,10.2,50.166666666666664
2021-07-19,11.12857142857143,11.0,13.1,54.857142857142854
2021-07-20,11.971428571428572,12.5,13.8,55.857142857142854
2021-07-21,13.835714285714285,14.149999999999999,15.7,59.92857142857143
2021-07-22,14.4,14.9,18.2,60.857142857142854
2021-07-23,15.5,16.3,18.4,62.42857142857143
2021-07-24,12.908333333333333,13.05,15.7,57.333333333333336
2021-07-25,9.983333333333333,9.7,11.6,52.5
2021-07-26,9.671428571428573,9.9,11.1,51.42857142857143
2021-07-27,8.77142857142857,8.600000000000001,11.0,47.5
2021-07-28,8.328571428571427,8.1,10.1,45.857142857142854
2021-07-29,9.157142857142857,9.4,10.2,49.57142857142857
2021-07-30,10.35,10.25,12.6,53.333333333333336
2021-07-31,8.828571428571427,8.4,11.9,47.0
2021-08-01,7.714285714285714,7.5,9.1,43.0
2021-08-02,8.778571428571428,8.65,11.2,47.214285714285715
2021-08-03,10.471428571428572,11.0,12.7,52.714285714285715
2021-08-04,12.37142857142857,12.5,14.7,57.0
2021-08-05,13.525,13.850000000000001,15.8,59.166666666666664
2021-08-06,12.366666666666667,12.2,15.0,57.333333333333336
2021-08-07,11.342857142857143,11.7,14.0,54.285714285714285
2021-08-08,11.221428571428572,11.3,14.0,54.57142857142857
2021-08-09,9.585714285714285,9.3,12.4,49.57142857142857
2021-08-10,11.114285714285714,11.3,13.6,54.42857142857143
2021-08-11,10.583333333333334,10.45,13.9,52.833333333333336
2021-08-12,10.542857142857143,11.0,12.1,52.285714285714285
2021-08-13,9.571428571428571,9.2,11.2,51.0
2021-08-14,11.4,11.6,14.2,55.07142857142857
2021-08-15,12.414285714285715,11.2,20.8,57.142857142857146
2021-08-16,14.985714285714286,11.7,34.9,62.0
2021-08-17,10.316666666666666,10.2,12.5,53.333333333333336
2021-08-18,7.385714285714286,6.6,11.3,40.142857142857146
2021-08-19,7.585714285714286,5.9,17.7,37.714285714285715
2021-08-20,8.414285714285715,7.25,21.7,43.0
2021-08-21,9.057142857142857,9.2,9.9,49.42857142857143
2021-08-22,14.357142857142858,14.7,18.0,60.714285714285715
2021-08-23,13.491666666666667,13.45,16.8,59.25
2021-08-24,12.885714285714286,11.3,21.8,58.142857142857146
2021-08-25,15.12857142857143,14.1,22.5,62.285714285714285
2021-08-26,18.476923076923075,19.0,21.1,68.38461538461539
2021-08-27,15.542857142857143,16.4,18.2,62.857142857142854
2021-08-28,14.814285714285715,14.6,21.2,60.42857142857143
2021-08-29,13.741666666666667,13.7,18.5,59.25
2021-08-30,16.814285714285713,16.5,18.3,65.42857142857143
2021-08-31,19.150000000000002,19.9,20.7,69.66666666666667
2021-09-01,13.828571428571427,13.75,15.7,59.785714285714285
2021-09-02,12.171428571428573,12.5,13.5,56.714285714285715
2021-09-03,15.742857142857142,15.4,21.4,63.42857142857143
2021-09-04,13.590909090909092,15.2,19.0,58.0
2021-09-05,16.2,17.95,22.0,62.833333333333336
2021-09-06,15.283333333333333,16.25,18.6,61.5
2021-09-07,15.0,14.8,17.3,61.84615384615385
2021-09-08,15.171428571428573,14.8,18.6,62.285714285714285
2021-09-09,12.528571428571428,12.3,15.3,57.57142857142857
2021-09-10,9.791666666666666,9.600000000000001,12.2,51.833333333333336
2021-09-11,10.314285714285715,10.6,12.3,52.0
2021-09-12,12.285714285714286,12.7,14.7,56.0
2021-09-13,12.264285714285716,12.6,17.6,55.642857142857146
2021-09-14,12.328571428571427,11.9,14.7,56.714285714285715
2021-09-15,13.6,13.0,15.7,59.285714285714285
2021-09-16,12.674999999999999,12.100000000000001,15.8,57.416666666666664
2021-09-17,10.285714285714286,10.4,12.9,53.142857142857146
2021-09-18,9.342857142857143,9.2,11.3,49.57142857142857
2021-09-19,11.642857142857142,12.0,13.4,55.642857142857146
2021-09-20,11.357142857142858,9.5,18.6,54.57142857142857
2021-09-21,13.4,13.6,14.6,59.0
2021-09-22,10.166666666666666,10.25,12.4,51.666666666666664
2021-09-23,15.028571428571428,12.8,32.0,62.0
2021-09-24,16.599999999999998,14.95,29.0,65.0
2021-09-25,10.821428571428571,10.45,13.7,54.0
2021-09-26,12.228571428571428,10.0,21.0,56.714285714285715
2021-09-27,6.957142857142857,6.9,9.9,38.142857142857146
2021-09-28,6.533333333333334,6.35,8.0,36.25
2021-09-29,10.928571428571429,10.4,14.1,53.857142857142854
2021-09-30,13.928571428571429,12.8,19.4,59.57142857142857
2021-10-01,11.492857142857144,11.6,16.6,54.07142857142857
2021-10-02,11.12857142857143,11.3,14.0,54.57142857142857
2021-10-03,11.9,12.0,14.4,55.714285714285715
2021-10-04,12.808333333333332,12.6,18.3,57.833333333333336
2021-10-05,8.157142857142857,7.7,9.8,45.0
2021-10-06,11.571428571428571,11.8,13.5,55.42857142857143
2021-10-07,8.242857142857142,9.0,10.2,44.714285714285715
2021-10-08,5.0,4.6,7.3,27.857142857142858
2021-10-09,7.783333333333334,8.0,10.2,42.333333333333336
2021-10-10,10.208333333333334,10.8,12.8,51.083333333333336
2021-10-11,18.1,14.8,35.7,67.85714285714286
2021-10-12,9.585714285714285,8.5,13.3,49.714285714285715
2021-10-13,11.86923076923077,11.4,19.6,54.07692307692308
2021-10-14,15.714285714285714,17.3,21.9,62.42857142857143
2021-10-15,12.149999999999999,12.7,17.3,55.0
2021-10-16,8.941666666666666,8.75,14.0,46.666666666666664
2021-10-17,11.028571428571428,11.6,15.4,52.857142857142854
2021-10-18,6.8,6.7,8.9,37.714285714285715
2021-10-19,7.542857142857143,7.75,8.7,41.857142857142854
2021-10-20,10.385714285714286,10.0,14.2,52.57142857142857
2021-10-21,10.383333333333333,10.350000000000001,12.1,52.666666666666664
2021-10-22,10.125,9.2,14.6,51.333333333333336
2021-10-23,5.457142857142857,5.1,7.9,30.285714285714285
2021-10-24,6.8,7.1,7.7,37.857142857142854
2021-10-25,5.692857142857143,5.95,8.0,31.571428571428573
2021-10-26,9.357142857142858,9.3,13.8,47.42857142857143
2021-10-27,11.057142857142859,11.1,15.6,52.57142857142857
2021-10-28,9.575000000000001,9.3,17.2,46.583333333333336
2021-10-29,11.528571428571428,12.9,14.2,53.57142857142857
2021-10-30,11.442857142857141,9.4,23.2,52.57142857142857
2021-10-31,15.299999999999999,15.65,24.7,61.714285714285715
2021-11-01,17.257142857142856,19.1,22.9,63.714285714285715
2021-11-02,9.828571428571427,8.9,19.9,47.57142857142857
2021-11-03,18.55,20.85,24.7,67.16666666666667
2021-11-04,25.37142857142857,27.8,36.8,80.71428571428571
2021-11-05,26.82857142857143,24.2,44.4,85.42857142857143
2021-11-06,46.535714285714285,52.1,66.1,123.92857142857143
2021-11-07,32.01428571428572,30.5,55.1,96.14285714285714
2021-11-08,14.428571428571429,11.9,28.4,61.0
2021-11-09,12.424999999999999,12.55,17.8,55.583333333333336
2021-11-10,16.614285714285714,17.6,22.3,62.714285714285715
2021-11-11,13.885714285714286,14.9,21.8,57.42857142857143
2021-11-12,9.723076923076924,9.9,21.9,45.69230769230769
2021-11-13,11.485714285714286,12.6,14.9,53.142857142857146
2021-11-14,18.0,20.5,27.4,64.71428571428571
2021-11-15,16.441666666666666,18.15,22.8,63.083333333333336
2021-11-16,23.12857142857143,27.1,31.4,74.0
2021-11-17,18.114285714285714,16.8,28.6,66.28571428571429
2021-11-18,25.015384615384615,26.3,32.2,80.61538461538461
2021-11-19,28.685714285714287,30.9,43.8,88.28571428571429
2021-11-20,40.628571428571426,46.3,53.9,115.85714285714286
2021-11-21,13.9,14.649999999999999,25.8,55.5
2021-11-22,7.585714285714286,7.1,10.8,41.0
2021-11-23,8.157142857142857,8.5,10.3,44.285714285714285
2021-11-24,10.37857142857143,10.45,16.1,50.357142857142854
2021-11-25,10.9,10.3,17.8,50.285714285714285
2021-11-26,12.342857142857142,14.2,16.7,54.714285714285715
2021-11-27,14.549999999999999,14.399999999999999,23.9,58.416666666666664
2021-11-28,19.400000000000002,20.1,25.0,69.57142857142857
2021-11-29,20.842857142857145,20.6,27.7,72.0
2021-11-30,29.05,30.4,38.2,88.64285714285714
2021-12-01,34.07142857142857,39.4,45.4,99.85714285714286
2021-12-02,32.44285714285714,37.0,44.8,96.0
2021-12-03,44.839999999999996,50.7,61.9,123.5
2021-12-04,28.0,26.8,48.7,87.57142857142857
2021-12-05,32.31428571428571,34.8,47.2,95.28571428571429
2021-12-06,35.16428571428572,36.1,48.5,102.0
2021-12-07,17.5,17.9,23.3,65.14285714285714
2021-12-08,18.714285714285715,19.8,23.8,67.0
2021-12-09,7.016666666666667,5.65,20.3,35.0
2021-12-10,10.833333333333334,10.35,15.7,51.166666666666664
2021-12-11,13.571428571428571,14.8,18.4,58.57142857142857
2021-12-12,17.046153846153846,14.8,29.5,64.07692307692308
2021-12-13,14.057142857142859,16.0,16.3,58.57142857142857
2021-12-14,3.6,3.9,5.3,20.0
2021-12-15,9.763636363636364,8.6,16.8,46.81818181818182
2021-12-16,14.257142857142856,16.9,17.8,58.42857142857143
2021-12-17,14.814285714285715,16.6,19.6,59.57142857142857
2021-12-18,12.771428571428572,11.899999999999999,21.3,55.57142857142857
2021-12-19,24.985714285714288,27.1,34.0,80.57142857142857
2021-12-20,33.371428571428574,35.5,43.3,98.57142857142857
2021-12-21,21.90833333333333,25.4,31.4,74.83333333333333
2021-12-22,25.385714285714283,25.1,32.5,81.42857142857143
2021-12-23,10.6,11.8,13.5,49.714285714285715
2021-12-24,7.3,6.550000000000001,14.3,38.857142857142854
2021-12-25,8.685714285714287,9.6,12.4,45.142857142857146
2021-12-26,4.857142857142857,5.3,7.1,26.714285714285715
2021-12-27,7.233333333333333,7.9,10.7,39.333333333333336
2021-12-28,6.771428571428571,7.3,9.9,37.142857142857146
2021-12-29,5.428571428571429,6.2,6.8,30.0
2021-12-30,4.061538461538461,4.1,5.9,22.615384615384617
2021-12-31,14.414285714285715,15.8,25.5,58.142857142857146
2022-01-01,20.725,19.05,37.1,71.75
2022-01-02,8.015384615384615,8.1,11.8,43.0
2022-01-03,11.5875,11.95,17.0,54.375
2022-01-04,15.8875,17.2,22.0,60.375
2022-01-05,21.385714285714283,25.6,32.6,71.35714285714286
2022-01-06,22.4875,21.3,36.8,75.75
2022-01-07,17.87142857142857,12.6,33.7,66.0
2022-01-08,17.307692307692307,18.0,24.8,64.76923076923077
2022-01-09,18.375,20.1,25.9,67.0
2022-01-10,8.05,8.05,10.9,42.75
2022-01-11,6.906666666666666,6.7,12.8,36.666666666666664
2022-01-12,11.1125,10.9,15.3,53.0
2022-01-13,18.7875,19.4,25.2,69.125
2022-01-14,18.423076923076923,20.0,29.0,66.15384615384616
2022-01-15,15.5875,17.6,23.1,61.75
2022-01-16,8.9,10.149999999999999,11.9,46.125
2022-01-17,10.78,10.4,16.5,51.8
2022-01-18,9.275,9.05,15.2,48.5
2022-01-19,18.3625,18.75,23.0,68.25
2022-01-20,10.446153846153846,9.7,18.8,49.53846153846154
2022-01-21,11.425,11.95,16.7,53.125
2022-01-22,6.7375,6.199999999999999,11.2,36.5
2022-01-23,8.961538461538462,6.9,21.9,41.61538461538461
2022-01-24,11.975,11.6,17.1,55.125
2022-01-25,14.3875,15.15,18.5,59.125
2022-01-26,11.992307692307692,12.6,18.7,52.30769230769231
2022-01-27,11.425,11.35,18.3,53.0
2022-01-28,9.271428571428572,9.9,14.1,47.42857142857143
2022-01-29,9.228571428571428,8.95,12.2,48.714285714285715
2022-01-30,17.825,18.9,26.1,66.875
2022-01-31,19.2875,20.299999999999997,23.2,69.875
2022-02-01,18.26153846153846,18.5,24.2,67.84615384615384
2022-02-02,13.575,13.7,19.1,57.5
2022-02-03,12.0,12.25,17.8,54.5
2022-02-04,9.571428571428571,9.25,18.1,45.92857142857143
2022-02-05,9.725,10.35,13.4,49.125
2022-02-06,16.712500000000002,17.9,25.1,63.125
2022-02-07,8.853846153846153,8.3,18.2,43.07692307692308
2022-02-08,9.825,9.0,14.3,49.375
2022-02-09,12.85,13.649999999999999,20.2,55.75
2022-02-10,9.461538461538462,8.6,21.7,45.53846153846154
2022-02-11,13.0625,12.8,19.2,58.25
2022-02-12,12.6375,12.75,19.4,55.625
2022-02-13,9.584615384615384,8.1,16.7,46.61538461538461
2022-02-14,15.55,15.55,22.2,62.5
2022-02-15,7.65,7.15,9.8,41.875
2022-02-16,7.335714285714286,7.15,11.4,39.785714285714285
2022-02-17,8.475,8.4,11.8,45.25
2022-02-18,9.775,10.1,14.4,48.125
2022-02-19,11.323076923076922,11.1,17.7,52.38461538461539
2022-02-20,16.325,17.9,20.8,62.625
2022-02-21,10.0125,9.9,11.2,52.375
2022-02-22,5.185714285714285,5.15,7.1,28.714285714285715
2022-02-23,3.65,3.6,5.3,20.25
2022-02-24,7.2625,6.55,10.8,39.625
2022-02-25,9.26153846153846,9.1,14.5,47.07692307692308
2022-02-26,11.700000000000001,11.6,16.8,53.75
2022-02-27,9.5375,9.8,13.1,47.5
2022-02-28,9.814285714285715,8.95,18.6,47.714285714285715
2022-03-01,11.0125,11.350000000000001,18.9,50.5
2022-03-02,12.525,13.2,14.6,56.375
2022-03-03,13.8,13.4,17.7,59.84615384615385
2022-03-04,5.525,5.300000000000001,7.1,30.625
2022-03-05,6.5625,6.5,9.1,36.5
2022-03-06,7.521428571428571,7.45,9.9,41.42857142857143
2022-03-07,10.075,9.75,15.0,50.625
2022-03-08,9.2375,8.5,14.0,47.375
2022-03-09,8.858333333333333,8.85,11.8,47.583333333333336
2022-03-10,12.2,12.85,14.7,56.0
2022-03-11,10.4625,10.55,15.4,51.25
2022-03-12,8.221428571428572,8.3,13.3,43.357142857142854
2022-03-13,10.6,11.2,12.9,51.375
2022-03-14,10.314285714285715,11.0,12.1,51.714285714285715
2022-03-15,11.491666666666667,11.600000000000001,14.7,54.75
2022-03-16,9.4,9.3,11.2,49.857142857142854
2022-03-17,11.114285714285714,11.0,13.1,54.142857142857146
2022-03-18,12.123076923076923,11.7,16.6,55.07692307692308
2022-03-19,11.228571428571428,10.8,14.4,54.285714285714285
2022-03-20,4.871428571428572,5.1,6.4,27.0
2022-03-21,10.133333333333333,10.95,14.4,49.833333333333336
2022-03-22,11.471428571428572,12.5,14.1,53.0
2022-03-23,8.742857142857144,8.9,11.1,46.285714285714285
2022-03-24,9.63076923076923,9.6,13.7,49.84615384615385
2022-03-25,13.742857142857144,14.1,16.8,58.857142857142854
2022-03-26,16.057142857142857,17.4,19.0,61.714285714285715
2022-03-27,7.741666666666667,7.35,10.2,42.583333333333336
2022-03-28,5.228571428571429,4.9,7.4,29.0
2022-03-29,6.142857142857143,6.2,9.1,34.142857142857146
2022-03-30,8.8,9.1,11.8,47.92307692307692
2022-03-31,9.657142857142857,9.0,12.4,50.857142857142854
2022-04-01,12.2875,12.55,13.8,56.75
2022-04-02,12.984615384615385,12.5,17.4,58.15384615384615
2022-04-03,9.0875,8.7,11.1,49.25
2022-04-04,12.55,12.55,16.1,56.25
2022-04-05,12.215384615384616,12.4,18.7,54.07692307692308
2022-04-06,14.1,14.45,18.8,59.875
2022-04-07,11.2625,11.2,15.0,54.25
2022-04-08,10.23076923076923,10.5,13.5,51.30769230769231
2022-04-09,18.325,19.15,21.3,68.25
2022-04-10,17.6,18.05,20.9,66.875
2022-04-11,13.62857142857143,13.3,15.4,59.57142857142857
2022-04-12,6.1875,5.9,8.9,34.375
2022-04-13,8.057142857142857,7.8,9.6,44.42857142857143
2022-04-14,9.654545454545454,9.8,11.5,51.27272727272727
2022-04-15,8.7375,8.95,10.7,47.75
2022-04-16,5.5375,5.55,6.8,30.75
2022-04-17,7.0928571428571425,7.1,8.2,39.5
2022-04-18,10.157142857142857,10.0,12.1,53.0
2022-04-19,8.185714285714285,8.0,10.1,45.0
2022-04-20,6.383333333333334,6.2,8.5,35.583333333333336
2022-04-21,5.885714285714286,5.8,6.9,32.57142857142857
2022-04-22,6.25,6.300000000000001,7.6,34.75
2022-04-23,8.620000000000001,8.5,11.1,46.53333333333333
2022-04-24,7.8999999999999995,8.2,10.2,43.5
2022-04-25,9.85,10.0,12.1,51.0
2022-04-26,13.623076923076923,14.1,16.2,59.46153846153846
2022-04-27,16.8125,16.6,19.0,65.25
2022-04-28,14.275,14.05,15.9,60.875
2022-04-29,14.284615384615384,14.7,17.0,60.69230769230769
2022-04-30,14.625,14.85,17.7,61.125
2022-05-01,13.5,13.8,17.3,57.0
2022-05-02,13.281818181818181,13.8,15.5,58.72727272727273
2022-05-03,12.216666666666667,11.9,15.2,56.666666666666664
2022-05-04,14.366666666666667,14.45,17.8,60.833333333333336
2022-05-05,14.833333333333334,14.25,19.9,61.666666666666664
2022-05-06,13.4,13.0,17.3,58.833333333333336
2022-05-07,10.842857142857143,10.5,13.2,54.0
2022-05-08,10.463636363636363,10.5,12.0,53.0
2022-05-09,9.85,10.1,11.1,51.5
2022-05-10,8.05,7.8500000000000005,9.9,44.166666666666664
2022-05-11,6.058333333333334,6.050000000000001,8.1,33.666666666666664
2022-05-12,8.049999999999999,7.9,9.8,44.333333333333336
2022-05-13,9.933333333333334,10.7,11.5,50.666666666666664
2022-05-14,10.254545454545454,10.4,14.2,52.18181818181818
2022-05-15,13.1,10.95,20.1,58.333333333333336
2022-05-16,11.75,12.149999999999999,16.5,53.833333333333336
2022-05-17,11.084615384615384,11.5,14.3,53.76923076923077
2022-05-18,13.666666666666666,14.05,16.8,59.333333333333336
2022-05-19,12.166666666666666,10.3,18.0,56.166666666666664
2022-05-20,5.470000000000001,5.0,7.7,30.5
2022-05-21,7.183333333333334,6.85,9.0,39.833333333333336
2022-05-22,11.166666666666666,11.8,12.6,53.666666666666664
2022-05-23,13.754545454545456,14.9,16.9,58.81818181818182
2022-05-24,14.833333333333334,13.65,21.8,61.666666666666664
2022-05-25,17.45,17.4,23.4,66.33333333333333
2022-05-26,11.118181818181817,10.4,16.6,54.36363636363637
2022-05-27,7.383333333333333,6.95,10.1,40.5
2022-05-28,6.8999999999999995,6.85,8.4,38.5
2022-05-29,7.561538461538461,7.7,8.8,42.07692307692308
2022-05-30,11.299999999999999,11.85,13.5,53.666666666666664
2022-05-31,13.983333333333334,15.3,17.5,58.166666666666664
2022-06-01,15.618181818181819,16.3,19.0,62.54545454545455
2022-06-02,15.6,15.95,19.3,63.0
2022-06-03,12.233333333333334,12.1,15.4,56.833333333333336
2022-06-04,7.736363636363635,8.4,10.6,42.45454545454545
2022-06-05,5.95,5.85,8.7,33.0
2022-06-06,6.166666666666667,6.2,8.8,34.333333333333336
2022-06-07,8.92,8.7,14.2,46.2
2022-06-08,10.166666666666666,9.7,15.8,49.333333333333336
2022-06-09,12.549999999999999,11.649999999999999,18.8,55.5
2022-06-10,13.308333333333332,12.7,20.3,59.0
2022-06-11,11.166666666666666,10.35,14.8,54.833333333333336
2022-06-12,9.416666666666666,8.25,16.1,46.666666666666664
2022-06-13,6.220000000000001,5.75,11.0,33.5
2022-06-14,11.283333333333333,11.2,14.1,54.166666666666664
2022-06-15,14.833333333333334,14.95,17.8,61.666666666666664
2022-06-16,15.08888888888889,14.6,21.3,62.111111111111114
2022-06-17,10.700000000000001,10.149999999999999,14.6,54.0
2022-06-18,8.25,7.85,11.5,44.5
2022-06-19,8.379999999999999,8.6,12.4,45.2
2022-06-20,12.133333333333333,12.850000000000001,15.2,54.833333333333336
2022-06-21,14.083333333333334,13.95,20.5,59.333333333333336
2022-06-22,14.166666666666666,14.8,18.4,59.666666666666664
2022-06-23,11.85,12.45,15.6,53.666666666666664
2022-06-24,11.333333333333334,11.75,15.8,53.0
2022-06-25,10.95,11.55,16.8,51.9
2022-06-26,13.316666666666668,13.55,18.0,58.333333333333336
2022-06-27,13.066666666666668,13.65,16.4,57.5
2022-06-28,11.7,11.6,17.4,55.27272727272727
2022-06-29,12.083333333333334,12.9,16.5,55.0
2022-06-30,12.233333333333334,12.5,18.3,54.666666666666664
2022-07-01,11.333333333333334,11.7,16.9,53.44444444444444
2022-07-02,10.366666666666667,11.0,13.9,51.5
2022-07-03,8.683333333333334,7.85,12.4,45.666666666666664
2022-07-04,22.663636363636364,21.8,53.8,76.81818181818181
2022-07-05,17.016666666666666,9.35,38.0,62.833333333333336
2022-07-06,4.866666666666666,4.85,8.5,27.166666666666668
2022-07-07,6.022222222222222,6.0,10.1,33.111111111111114
2022-07-08,7.883333333333333,7.800000000000001,11.8,42.333333333333336
2022-07-09,9.133333333333333,8.649999999999999,13.7,48.0
2022-07-10,9.58,8.95,14.7,49.3
2022-07-11,10.783333333333333,10.7,15.6,52.666666666666664
2022-07-12,8.9,7.85,15.5,45.0
2022-07-13,6.688888888888889,6.5,10.9,36.55555555555556
2022-07-14,6.6000000000000005,6.35,9.5,36.5
2022-07-15,9.733333333333333,9.35,12.7,51.166666666666664
2022-07-16,12.341666666666667,12.0,17.2,56.833333333333336
2022-07-17,10.65,10.45,14.6,53.333333333333336
2022-07-18,9.049999999999999,8.7,13.7,46.833333333333336
2022-07-19,8.99,9.0,11.9,47.9
2022-07-20,10.766666666666666,9.850000000000001,14.2,53.333333333333336
2022-07-21,9.716666666666667,9.75,13.4,50.0
2022-07-22,10.172727272727274,10.0,14.6,51.27272727272727
2022-07-23,11.333333333333334,11.399999999999999,15.5,54.333333333333336
2022-07-24,11.0,11.45,15.9,51.833333333333336
2022-07-25,9.72,10.1,15.0,49.2
2022-07-26,9.283333333333333,9.05,14.4,48.166666666666664
2022-07-27,8.883333333333333,8.1,11.8,47.5
2022-07-28,8.208333333333334,7.8999999999999995,12.0,43.833333333333336
2022-07-29,7.383333333333333,7.15,10.9,39.5
2022-07-30,7.1499999999999995,7.199999999999999,10.9,38.333333333333336
2022-07-31,6.35,6.3,8.9,35.3
2022-08-01,7.266666666666667,7.25,9.4,40.5
2022-08-02,6.95,6.7,9.3,38.333333333333336
2022-08-03,8.663636363636364,8.7,10.5,47.09090909090909
2022-08-04,9.183333333333334,9.3,12.4,48.833333333333336
2022-08-05,7.583333333333333,7.699999999999999,10.5,41.333333333333336
2022-08-06,7.409999999999999,7.3,11.4,40.4
2022-08-07,8.95,8.85,13.5,45.833333333333336
2022-08-08,10.75,10.3,15.7,51.833333333333336
2022-08-09,9.733333333333333,9.45,13.2,50.5
2022-08-10,9.333333333333334,9.35,13.4,48.0
2022-08-11,8.5,9.2,10.4,45.714285714285715
2022-08-12,11.118181818181817,11.6,14.2,53.54545454545455
2022-08-13,12.971428571428572,14.2,15.6,57.42857142857143
2022-08-14,12.085714285714285,13.0,15.4,54.714285714285715
2022-08-15,14.558333333333332,15.6,17.8,60.833333333333336
2022-08-16,12.885714285714286,13.2,16.0,58.0
2022-08-17,9.085714285714285,9.2,11.7,48.0
2022-08-18,9.0,8.7,11.8,48.45454545454545
2022-08-19,10.214285714285714,10.1,13.0,51.714285714285715
2022-08-20,9.514285714285714,10.6,11.4,49.42857142857143
2022-08-21,9.207692307692309,9.3,11.5,48.30769230769231
2022-08-22,9.171428571428573,8.9,11.8,48.857142857142854
2022-08-23,11.185714285714285,11.7,15.2,52.57142857142857
2022-08-24,8.781818181818181,9.2,12.3,46.54545454545455
2022-08-25,8.828571428571427,9.9,11.8,45.857142857142854
2022-08-26,9.857142857142858,9.2,13.9,50.57142857142857
2022-08-27,7.641666666666667,7.6,10.1,42.25
2022-08-28,5.914285714285714,6.0,7.7,33.0
2022-08-29,9.342857142857143,9.4,12.3,49.42857142857143
2022-08-30,13.19090909090909,13.2,16.6,58.54545454545455
2022-08-31,14.6,15.2,18.5,60.42857142857143
2022-09-01,14.700000000000001,15.3,18.2,61.42857142857143
2022-09-02,14.446153846153846,14.6,17.0,60.84615384615385
2022-09-03,14.62857142857143,15.1,17.8,61.285714285714285
2022-09-04,11.528571428571428,11.8,13.1,55.142857142857146
2022-09-05,10.490909090909092,11.7,14.3,51.90909090909091
2022-09-06,11.942857142857141,13.1,14.0,54.42857142857143
2022-09-07,15.400000000000002,15.9,18.2,62.714285714285715
2022-09-08,13.141666666666666,13.8,15.7,58.583333333333336
2022-09-09,9.742857142857144,10.3,12.8,49.714285714285715
2022-09-10,5.757142857142857,6.6,7.1,32.0
2022-09-11,4.236363636363636,4.9,5.5,24.181818181818183
2022-09-12,5.714285714285714,6.2,7.3,31.714285714285715
2022-09-13,11.685714285714285,12.7,13.3,54.857142857142854
2022-09-14,8.963636363636363,9.2,11.1,48.09090909090909
2022-09-15,8.716666666666667,9.3,11.2,46.5
2022-09-16,11.428571428571429,11.2,14.8,54.857142857142854
2022-09-17,11.527272727272727,11.9,14.3,54.90909090909091
2022-09-18,8.171428571428573,8.7,10.4,44.42857142857143
2022-09-19,4.966666666666667,5.550000000000001,6.1,27.666666666666668
2022-09-20,3.8249999999999997,4.0,6.4,21.166666666666668
2022-09-21,5.1571428571428575,5.3,7.4,28.714285714285715
2022-09-22,7.514285714285714,8.0,10.4,41.0
2022-09-23,9.218181818181819,9.2,12.6,48.45454545454545
2022-09-24,9.128571428571428,9.1,12.1,48.285714285714285
2022-09-25,10.042857142857143,10.4,13.0,50.0
2022-09-26,10.85,11.2,13.3,52.75
2022-09-27,12.571428571428571,13.1,15.4,56.714285714285715
2022-09-28,12.085714285714285,13.0,16.4,54.285714285714285
2022-09-29,12.690000000000001,13.55,16.7,56.9
2022-09-30,9.542857142857143,9.3,13.2,49.285714285714285
2022-10-01,7.542857142857143,7.6,10.7,41.142857142857146
2022-10-02,8.790000000000001,8.45,11.7,47.2
2022-10-03,8.714285714285714,9.0,12.1,46.142857142857146
2022-10-04,10.742857142857144,11.8,13.1,51.57142857142857
2022-10-05,14.233333333333333,14.7,17.5,60.0
2022-10-06,13.385714285714286,13.8,19.8,57.0
2022-10-07,16.7,17.1,21.9,65.0
2022-10-08,16.48333333333333,17.549999999999997,20.6,64.25
2022-10-09,13.87142857142857,14.0,17.3,59.714285714285715
2022-10-10,11.757142857142856,11.5,17.3,54.714285714285715
2022-10-11,10.41,11.15,13.1,51.9
2022-10-12,9.98,10.1,12.1,51.0
2022-10-13,18.733333333333334,21.1,22.7,66.33333333333333
2022-10-14,9.754545454545454,7.9,19.0,45.72727272727273
2022-10-15,5.8,5.4,7.6,32.166666666666664
2022-10-16,5.757142857142857,5.7,7.0,32.0
2022-10-17,9.066666666666666,9.3,13.8,47.888888888888886
2022-10-18,11.299999999999999,11.850000000000001,16.3,51.666666666666664
2022-10-19,10.714285714285714,10.1,15.3,52.0
2022-10-20,9.191666666666666,9.0,13.6,48.0
2022-10-21,9.042857142857143,8.8,12.7,47.0
2022-10-22,9.671428571428573,9.7,11.7,51.285714285714285
2022-10-23,6.88,7.2,9.2,38.1
2022-10-24,7.857142857142857,7.3,11.1,42.714285714285715
2022-10-25,8.757142857142856,8.7,13.2,46.42857142857143
2022-10-26,9.620000000000001,9.7,12.2,50.2
2022-10-27,12.433333333333332,13.649999999999999,15.1,56.166666666666664
2022-10-28,14.914285714285713,16.8,19.2,60.42857142857143
2022-10-29,13.569999999999999,13.7,19.4,58.7
2022-10-30,13.885714285714286,14.9,17.9,59.0
2022-10-31,14.971428571428572,16.3,19.2,60.714285714285715
2022-11-01,11.766666666666666,11.85,13.7,55.666666666666664
2022-11-02,4.95,4.449999999999999,7.7,27.5
2022-11-03,4.4,3.8,7.6,24.571428571428573
2022-11-04,6.76,6.4,11.5,36.7
2022-11-05,11.428571428571429,11.8,16.4,53.142857142857146
2022-11-06,12.214285714285714,11.6,16.5,54.285714285714285
2022-11-07,5.818181818181818,6.0,7.8,32.09090909090909
2022-11-08,3.3285714285714287,3.3,5.2,18.428571428571427
2022-11-09,4.714285714285714,4.5,7.7,26.285714285714285
2022-11-10,7.720000000000001,7.6,13.0,41.1
2022-11-11,9.37142857142857,9.2,14.8,48.142857142857146
2022-11-12,13.200000000000001,11.5,18.3,58.57142857142857
2022-11-13,9.945454545454545,10.1,14.6,50.54545454545455
2022-11-14,11.542857142857143,11.3,16.5,53.857142857142854
2022-11-15,12.471428571428572,13.8,19.2,55.42857142857143
2022-11-16,10.75,10.0,21.0,49.2
2022-11-17,10.614285714285714,9.5,16.5,51.714285714285715
2022-11-18,14.057142857142859,14.3,17.9,60.142857142857146
2022-11-19,11.927272727272726,11.1,23.7,52.0
2022-11-20,9.542857142857143,9.4,12.1,50.285714285714285
2022-11-21,9.071428571428571,9.4,11.7,48.857142857142854
2022-11-22,10.68,9.75,16.5,51.9
2022-11-23,20.728571428571428,18.8,27.0,72.71428571428571
2022-11-24,22.900000000000002,19.5,37.1,76.85714285714286
2022-11-25,11.354545454545455,10.3,20.1,52.09090909090909
2022-11-26,15.171428571428573,12.1,22.6,61.285714285714285
2022-11-27,19.542857142857144,19.3,26.3,69.71428571428571
2022-11-28,13.63,13.100000000000001,19.5,59.1
2022-11-29,10.985714285714286,11.7,13.3,53.285714285714285
2022-11-30,10.057142857142859,10.2,11.8,51.285714285714285
2022-12-01,5.163636363636363,5.2,7.1,28.727272727272727
2022-12-02,5.285714285714286,5.5,6.5,29.428571428571427
2022-12-03,8.742857142857144,8.9,11.6,46.0
2022-12-04,10.3,10.5,16.5,49.2
2022-12-05,5.2,4.9,7.7,29.0
2022-12-06,7.3999999999999995,7.1,11.5,39.857142857142854
2022-12-07,10.0,9.0,16.2,50.166666666666664
2022-12-08,11.328571428571427,11.0,15.2,53.857142857142854
2022-12-09,15.085714285714285,13.3,21.2,61.857142857142854
2022-12-10,12.0,12.0,16.3,55.3
2022-12-11,4.885714285714286,4.5,8.7,27.0
2022-12-12,6.128571428571428,5.9,9.1,34.142857142857146
2022-12-13,9.727272727272727,9.5,14.1,49.72727272727273
2022-12-14,14.785714285714286,15.1,19.5,61.142857142857146
2022-12-15,17.485714285714288,17.6,23.2,66.42857142857143
2022-12-16,9.222222222222221,8.4,14.3,47.666666666666664
2022-12-17,11.033333333333333,10.7,13.6,53.666666666666664
2022-12-18,16.666666666666668,15.2,24.8,65.0
2022-12-19,22.8,21.95,33.2,76.6
2022-12-20,16.86,16.4,22.1,65.4
2022-12-21,16.85,15.55,23.3,65.25
2022-12-22,19.711111111111112,17.9,29.2,69.88888888888889
2022-12-23,29.25,29.0,36.1,88.66666666666667
2022-12-24,32.699999999999996,32.85,52.8,98.16666666666667
2022-12-25,16.36,15.15,34.6,62.1
2022-12-26,16.766666666666666,19.5,23.0,63.666666666666664
2022-12-27,17.616666666666667,17.5,22.1,66.66666666666667
2022-12-28,9.544444444444444,10.0,12.2,49.55555555555556
2022-12-29,9.016666666666667,9.4,10.3,48.666666666666664
2022-12-30,5.916666666666667,5.6,10.9,31.833333333333332
2022-12-31,2.6999999999999997,3.2,4.4,15.545454545454545
