date_local,NO2_mean_ppb,NO2_median_ppb,NO2_max_ppb,AQI_mean,first_max_hour_mode
2020-01-01,14.630700533333334,16.054167,21.458333,23.666666666666668,0
2020-01-02,19.6088616875,21.6,31.345833,33.1875,18
2020-01-03,25.5285748,28.445833,41.279167,37.733333333333334,18
2020-01-04,24.373575000000002,24.566667,34.091667,34.666666666666664,19
2020-01-05,18.501787533333335,20.216667,27.466667,29.733333333333334,18
2020-01-06,21.594686066666668,22.341667,49.770833,34.333333333333336,18
2020-01-07,23.8511714,24.25,40.595833,35.46666666666667,18
2020-01-08,19.518887199999998,21.256522,25.679167,30.333333333333332,0
2020-01-09,16.4174682,17.5125,31.3875,26.866666666666667,7
2020-01-10,20.9484080625,20.5666665,27.533333,31.3125,19
2020-01-11,17.39533525,19.018749999999997,23.183333,25.75,8
2020-01-12,14.075215,15.6604165,19.858333,25.0,21
2020-01-13,18.6059484375,19.85,32.158333,31.1875,20
2020-01-14,21.823596124999998,22.15,37.504167,31.9375,21
2020-01-15,25.6488164375,26.85625,45.216667,38.5,20
2020-01-16,18.4720833125,19.465833500000002,23.0,30.8125,0
2020-01-17,15.2684755625,15.49125,22.683333,28.1875,19
2020-01-18,17.945964625,21.40625,26.608333,29.125,18
2020-01-19,19.658639125,23.3125,28.891667,32.0625,18
2020-01-20,23.818965125,23.810417,31.8625,32.8125,9
2020-01-21,13.5898900625,12.3739585,25.341667,23.625,7
2020-01-22,19.0597771875,20.1708335,34.852632,29.3125,21
2020-01-23,21.67191075,23.28125,43.095833,32.75,18
2020-01-24,25.08502275,27.8445835,34.420833,40.1875,8
2020-01-25,22.364379625,22.7770835,31.504167,33.3125,19
2020-01-26,13.2381113125,12.627083,19.629167,24.75,20
2020-01-27,19.1179234375,20.668750000000003,41.770833,31.1875,18
2020-01-28,20.9839496875,23.597917,42.4,34.25,7
2020-01-29,17.6865238125,18.7041665,30.8125,31.375,20
2020-01-30,23.503102066666667,25.95,43.204167,34.8,8
2020-01-31,25.042580733333335,29.133333,44.4,36.93333333333333,18
2020-02-01,20.213439875,22.3041665,30.529167,30.625,20
2020-02-02,13.066994874999999,14.2666665,19.5875,25.25,0
2020-02-03,6.655423625,4.268388,22.204167,20.25,23
2020-02-04,17.0314425625,14.533333500000001,37.855556,32.3125,7
2020-02-05,23.5518491875,23.3520835,39.433333,35.5,20
2020-02-06,24.1362771875,22.927083500000002,35.879167,35.0,21
2020-02-07,26.7886548125,28.0541665,40.095833,38.75,22
2020-02-08,20.728614125,22.4854165,26.254167,33.1875,0
2020-02-09,7.508357666666667,7.766667,13.458333,17.933333333333334,0
2020-02-10,14.727898466666666,11.470833,31.0125,28.133333333333333,21
2020-02-11,18.3523871875,18.643055500000003,28.166667,33.8125,21
2020-02-12,20.450829875,21.566667000000002,28.6,33.125,8
2020-02-13,21.91340625,22.13125,33.940909,33.5625,23
2020-02-14,23.711537,24.8041665,33.058333,35.875,8
2020-02-15,20.3605185625,20.8583335,26.845833,30.4375,8
2020-02-16,16.3717616875,16.233333,22.545833,26.5,0
2020-02-17,19.93509975,21.525,27.420833,32.3125,10
2020-02-18,18.081516875000002,20.2089285,26.766667,28.6875,0
2020-02-19,15.973071375,16.3104165,24.125,28.3125,23
2020-02-20,23.6090126875,27.489583500000002,37.729167,40.5,20
2020-02-21,18.338658875,20.06875,25.291667,36.375,0
2020-02-22,5.567278,4.897917,9.35,11.6875,21
2020-02-23,8.379234499999999,8.6375,12.995833,17.8125,22
2020-02-24,16.67268225,17.1833335,26.541176,26.6875,21
2020-02-25,22.2135715,25.122917,36.645833,39.25,19
2020-02-26,21.419044375000002,24.2854165,38.1375,35.875,20
2020-02-27,24.150676125,25.11875,43.859091,37.625,18
2020-02-28,20.6459239375,21.910417,27.995833,36.4375,9
2020-02-29,11.5184669375,11.006250000000001,19.045833,24.75,1
2020-03-01,4.0779664375,3.9770835,6.4875,7.3125,6
2020-03-02,9.40327225,7.93125,22.433333,22.625,6
2020-03-03,17.3388425,16.3125,28.941667,32.75,6
2020-03-04,16.8061815,17.9095835,29.085714,27.8125,0
2020-03-05,17.3563179375,16.765127,28.508333,28.1875,23
2020-03-06,16.316417625,16.5083335,23.3125,28.6875,8
2020-03-07,4.439730625,4.2333335000000005,7.083333,8.375,0
2020-03-08,6.718331,6.08125,11.795833,15.8125,23
2020-03-09,13.198177125,14.0375,24.654167,24.6875,6
2020-03-10,7.7688425625,6.5979165,13.209091,13.25,0
2020-03-11,8.7922765625,7.275,14.533333,18.0,22
2020-03-12,16.322568125,14.71875,34.858333,26.0,11
2020-03-13,11.245120125,9.8645835,22.791667,18.9375,6
2020-03-14,7.4116960625,6.1979165,13.875,13.75,0
2020-03-15,4.98847575,4.475,11.104167,12.4375,0
2020-03-16,9.383899375,9.339583000000001,16.7875,20.1875,5
2020-03-17,12.6370116875,13.34375,33.6875,23.5625,5
2020-03-18,12.581123375,12.675,28.504167,24.0625,6
2020-03-19,9.275096,8.216666499999999,20.158333,20.4375,6
2020-03-20,8.050312375,6.9238225,12.770833,18.875,6
2020-03-21,6.8601932,5.8375,13.633333,15.066666666666666,6
2020-03-22,6.213224666666666,6.229167,9.029167,14.466666666666667,2
2020-03-23,6.115307875,5.05625,25.125,15.75,6
2020-03-24,8.21065975,7.585417,19.591667,17.125,6
2020-03-25,5.881323125,4.7395835,21.75,16.375,6
2020-03-26,7.469260625,7.089582999999999,21.291667,20.3125,6
2020-03-27,8.5722290625,7.1854165000000005,22.35,20.0625,6
2020-03-28,7.42278075,7.612500000000001,12.295833,16.75,6
2020-03-29,6.169316125,6.8104165000000005,10.016667,13.375,4
2020-03-30,10.3412364375,8.8125,23.979167,20.8125,7
2020-03-31,15.9210729375,16.020833,32.358333,27.75,7
2020-04-01,9.419193375,10.070833499999999,15.404167,19.875,4
2020-04-02,5.350742125,4.8479165,11.794118,12.5625,23
2020-04-03,8.3138813125,8.2354165,12.466667,19.0625,5
2020-04-04,5.402117125,5.2458335,7.708333,14.4375,0
2020-04-05,2.0144134375,2.26875,3.733333,3.75,0
2020-04-06,4.966779875,3.79375,20.3,9.6875,7
2020-04-07,7.4698935,6.387499999999999,15.929167,15.6875,6
2020-04-08,7.3373039375,5.1354165,24.533333,17.4375,6
2020-04-09,6.262028125,6.2854165,11.041667,10.0,6
2020-04-10,7.87109375,7.668749999999999,14.0625,19.125,20
2020-04-11,7.13183875,7.26875,11.316667,15.25,0
2020-04-12,3.1188745,3.2437500000000004,5.958333,5.5,6
2020-04-13,6.7748868125,6.1541665000000005,18.225,13.3125,23
2020-04-14,11.312258937500001,9.085416500000001,32.833333,21.8125,22
2020-04-15,13.216147875,10.1979165,34.725,27.25,6
2020-04-16,9.53229175,9.3895835,14.754167,20.75,6
2020-04-17,5.955049875,6.022917,8.3625,13.6875,5
2020-04-18,3.915534375,3.8666669999999996,7.379167,6.8125,5
2020-04-19,2.98524675,2.8,5.370833,6.1875,23
2020-04-20,6.3956974375,5.5041665,20.583333,14.0,5
2020-04-21,7.861277125,7.5416665,18.858333,16.5625,5
2020-04-22,11.8185753125,11.0625,29.529167,21.6875,6
2020-04-23,11.519525125,11.0958335,23.879167,21.8125,5
2020-04-24,12.5686096875,11.141667,32.3625,26.5,5
2020-04-25,9.4672666875,8.80625,16.254167,18.375,2
2020-04-26,8.85215125,9.0125,14.991667,16.5625,0
2020-04-27,10.175020375,10.4375,16.658333,17.5,23
2020-04-28,11.7384964,11.879167,18.194444,21.466666666666665,6
2020-04-29,10.774468666666667,11.375,17.045833,17.6,10
2020-04-30,9.1194776,10.145833,19.558333,14.866666666666667,9
2020-05-01,7.6482488,7.604167,13.141667,13.933333333333334,0
2020-05-02,6.03436,5.691667,9.370833,12.066666666666666,4
2020-05-03,5.177318933333334,5.066667,8.304167,9.133333333333333,3
2020-05-04,10.649927666666665,10.420833,22.220833,22.6,23
2020-05-05,15.542677733333333,14.858333,29.67619,29.6,6
2020-05-06,17.173101466666665,17.270833,34.429167,31.2,6
2020-05-07,14.865362333333334,15.466667,22.741667,30.133333333333333,5
2020-05-08,12.728632,11.565529999999999,20.504167,26.125,6
2020-05-09,6.79928675,7.1833335,10.320833,13.1875,1
2020-05-10,4.170029375,4.3998185,7.2375,7.8125,0
2020-05-11,5.787590625,5.1625,23.883333,9.125,6
2020-05-12,6.36999625,5.493155,15.1875,13.875,5
2020-05-13,7.238633999999999,6.170833,17.920833,14.5625,5
2020-05-14,8.08792175,6.995139,14.864286,15.3125,5
2020-05-15,6.9126569375,6.7020835000000005,10.891667,12.5625,5
2020-05-16,8.161933875,8.0020835,12.85,16.5,5
2020-05-17,4.399739625,4.4,7.629167,9.3125,2
2020-05-18,4.716835733333334,4.320833,16.35,8.733333333333333,5
2020-05-19,6.350702133333333,5.841667,20.275,13.2,5
2020-05-20,7.8283835999999996,6.958333,20.466667,16.533333333333335,5
2020-05-21,11.976882733333332,11.05,27.720833,20.933333333333334,3
2020-05-22,6.507767,6.466667,10.82,14.266666666666667,4
2020-05-23,3.4678139999999997,3.341667,5.129167,7.4,23
2020-05-24,5.802678571428571,5.3520835,9.841667,10.428571428571429,3
2020-05-25,6.693439428571429,6.6020835,11.1125,11.928571428571429,1
2020-05-26,11.1904748,10.05,21.6375,20.133333333333333,7
2020-05-27,10.974640666666666,11.452381,18.370833,18.8,1
2020-05-28,8.364181875,8.022917,14.908333,14.0625,9
2020-05-29,6.508815375,6.85,9.480952,11.0,6
2020-05-30,3.67004075,3.7,7.866667,6.9375,5
2020-05-31,4.2995129375,3.958333,8.270833,8.375,23
2020-06-01,9.3629971875,8.63125,22.779167,17.8125,3
2020-06-02,12.051376,12.1916665,19.033333,19.6875,6
2020-06-03,11.36213775,10.242572500000001,22.6625,24.5,6
2020-06-04,5.9899836875,5.825362,10.283333,9.9375,9
2020-06-05,4.13531375,4.5,5.8625,8.25,8
2020-06-06,3.466711875,3.4124999999999996,6.841667,7.375,23
2020-06-07,3.9258265,3.4270835,6.545833,9.8125,5
2020-06-08,7.2022951875,5.0854165,23.479167,19.375,22
2020-06-09,12.61767275,9.45,40.033333,25.625,5
2020-06-10,15.4741775625,16.3270835,35.620833,30.875,4
2020-06-11,13.3208714375,13.6820075,19.783333,27.9375,6
2020-06-12,7.2902636874999995,8.020833,10.2875,12.6875,8
2020-06-13,5.3229733125,5.6666665,8.916667,10.25,0
2020-06-14,4.9002490625,5.166667,7.2875,10.375,22
2020-06-15,7.4757134375000005,7.3520835,10.470833,16.5,3
2020-06-16,5.5172455000000005,5.47178,10.579167,10.1875,8
2020-06-17,4.8207994375,4.725,7.645833,8.875,19
2020-06-18,6.728929,7.060771000000001,9.925,12.375,21
2020-06-19,5.9805109375,5.543182,13.4125,9.8125,6
2020-06-20,4.312466125,3.364312,12.279167,6.6875,10
2020-06-21,3.637749125,3.747917,6.204167,5.875,20
2020-06-22,7.1043591875,6.802083,13.854167,13.1875,21
2020-06-23,8.7970298125,8.610417,16.3625,15.0625,1
2020-06-24,8.352355062500001,7.59375,21.9,14.0,10
2020-06-25,7.3400176875000005,7.821250000000001,12.620833,12.0,9
2020-06-26,8.656453875,7.214583,22.2875,14.3125,23
2020-06-27,6.5573255625,6.7458335,9.85,11.625,9
2020-06-28,2.7076086875,2.729167,4.095833,4.875,0
2020-06-29,4.756321875,4.007639,14.120833,10.0,23
2020-06-30,7.9677523125,6.791667,25.158333,16.25,4
2020-07-01,6.5720485625,6.45625,10.570833,11.25,6
2020-07-02,5.9707540625,5.741667,11.416667,9.5,10
2020-07-03,9.479053437500001,8.227083,19.933333,17.9375,5
2020-07-04,8.2737545625,8.4125,13.366667,16.5,5
2020-07-05,7.935371375,7.925,12.758333,15.25,0
2020-07-06,11.408876874999999,11.3770835,18.429167,21.75,4
2020-07-07,10.1836370625,10.057007500000001,16.0625,21.1875,0
2020-07-08,8.308952249999999,8.8630435,13.704167,16.4375,2
2020-07-09,9.2120696875,9.325,18.220833,15.3125,7
2020-07-10,11.98482075,11.3924245,23.104167,22.9375,9
2020-07-11,10.48477125,9.0375,17.491667,19.1875,4
2020-07-12,7.7196558125,7.825,11.308333,14.0,3
2020-07-13,8.0174253125,8.76875,12.654167,15.0625,5
2020-07-14,6.3615058125,5.4916665,14.45,11.25,4
2020-07-15,6.4261304,5.970833,14.883333,11.0,10
2020-07-16,7.551746133333333,6.279167,22.2125,13.6,9
2020-07-17,7.6886182,6.014286,21.504167,15.0,5
2020-07-18,6.462053133333333,6.991667,11.329167,11.533333333333333,5
2020-07-19,5.802717533333333,6.041667,8.5625,10.066666666666666,4
2020-07-20,8.655181133333334,8.791667,15.441667,14.466666666666667,4
2020-07-21,9.796807,10.260417,18.766667,17.1875,5
2020-07-22,8.2828093125,7.927083,17.1,13.9375,6
2020-07-23,6.7636548125000004,6.95,10.620833,11.1875,7
2020-07-24,7.827491875,7.485417,13.820833,13.5625,0
2020-07-25,6.9342390625,7.2229165,10.633333,11.5625,2
2020-07-26,7.024796125,6.858333,12.879167,12.625,2
2020-07-27,10.271569249999999,9.3604165,24.8,17.75,5
2020-07-28,10.6926579375,9.7125,22.475,17.125,5
2020-07-29,11.2507925625,9.579167,28.983333,17.5625,6
2020-07-30,12.938191125,12.229861,26.229167,21.4375,23
2020-07-31,16.50163425,15.943750000000001,29.25,30.625,7
2020-08-01,12.4419158125,11.5895835,21.2875,25.8125,0
2020-08-02,8.3685575,7.9937499999999995,14.804167,15.6875,3
2020-08-03,10.273007312499999,11.04375,16.416667,20.625,8
2020-08-04,8.2271205,8.7958335,13.508333,14.0625,21
2020-08-05,7.4654665625,7.0375,16.941667,11.875,7
2020-08-06,7.564099875,7.6354165,15.072222,15.1875,23
2020-08-07,9.785439499999999,9.51875,16.254167,17.6875,6
2020-08-08,8.762001875,9.129166999999999,16.45,16.6875,5
2020-08-09,6.35077,5.866667,11.658333,10.375,5
2020-08-10,9.811549,8.3708335,23.508333,15.875,7
2020-08-11,11.8867365625,11.089583000000001,26.5125,19.6875,5
2020-08-12,15.2371749375,14.00625,30.119048,29.5625,9
2020-08-13,16.2061725625,15.3541665,34.5875,27.0625,6
2020-08-14,15.9797925,14.80625,25.263636,32.9375,8
2020-08-15,13.3461616875,13.525,21.220833,25.25,9
2020-08-16,6.097271375,6.0145835000000005,10.552174,11.6875,5
2020-08-17,13.1690330625,13.179166500000001,23.766667,24.375,6
2020-08-18,14.29987775,14.008333499999999,31.308333,28.875,7
2020-08-19,13.8747813125,12.0979165,23.495833,26.875,5
2020-08-20,13.0019311875,13.771131,19.0875,27.0,9
2020-08-21,13.9925724375,15.0809785,19.06087,25.5625,8
2020-08-22,9.289787125,9.4354165,11.875,21.75,5
2020-08-23,4.8228035,5.0916665,6.629167,9.75,5
2020-08-24,7.808703375,6.862500000000001,18.35,12.75,9
2020-08-25,10.3257666875,9.679166500000001,21.070833,17.3125,9
2020-08-26,11.8934826875,10.995833000000001,25.770833,19.9375,9
2020-08-27,13.633211750000001,12.275,27.895833,24.875,7
2020-08-28,12.369353266666668,12.208333,23.0625,22.4,1
2020-08-29,7.3552658,6.816667,14.908333,12.0,6
2020-08-30,5.566280133333334,5.095833,10.1625,8.866666666666667,1
2020-08-31,8.338695733333333,7.216667,21.9,15.333333333333334,6
2020-09-01,8.078876866666667,7.466667,22.770833,14.133333333333333,8
2020-09-02,10.911928933333334,9.304167,28.979167,18.533333333333335,5
2020-09-03,13.747867266666667,14.175,23.770833,24.6,6
2020-09-04,17.033225866666665,17.204167,28.5375,33.8,7
2020-09-05,17.571171733333333,16.741667,30.504167,31.933333333333334,23
2020-09-06,13.799836066666666,15.2875,24.635714,25.733333333333334,0
2020-09-07,8.76620676923077,8.316667,13.9,19.846153846153847,6
2020-09-08,9.215631400000001,6.9125,35.466667,16.266666666666666,23
2020-09-09,14.133054266666667,13.270833,32.979167,25.466666666666665,22
2020-09-10,23.9848292,22.629167,37.241667,36.333333333333336,10
2020-09-11,24.5322915625,24.893749999999997,41.7,41.6875,11
2020-09-12,21.760846875,21.7,33.125,38.125,9
2020-09-13,15.42530575,13.933333000000001,24.829167,23.6875,8
2020-09-14,20.8440556875,19.8833335,37.7625,40.1875,7
2020-09-15,23.5324618125,22.65625,49.704348,43.5,8
2020-09-16,24.851439000000003,24.154167,52.870833,48.4,7
2020-09-17,23.626156,25.160417000000002,41.316667,41.25,9
2020-09-18,22.4187366875,20.9020835,33.7875,41.1875,6
2020-09-19,14.0137115,13.01875,23.2125,24.25,23
2020-09-20,10.03908525,9.685417000000001,14.870833,19.4375,0
2020-09-21,11.0665080625,11.91875,17.045833,19.0625,5
2020-09-22,13.2923585,12.38125,30.075,23.1875,10
2020-09-23,17.1826280625,15.966369,34.970833,29.3125,6
2020-09-24,19.3318598125,18.908333499999998,28.6875,36.0625,7
2020-09-25,14.0217730625,13.76875,22.295833,25.6875,0
2020-09-26,9.5761095625,8.997917000000001,13.820833,18.5,0
2020-09-27,6.2066123125,6.2737315,11.275,10.6875,0
2020-09-28,13.827705937500001,13.0354165,31.558333,24.375,9
2020-09-29,17.6792923125,16.197192,35.495833,32.5,20
2020-09-30,23.141881875,23.356250000000003,49.4375,43.875,7
2020-10-01,23.9403351875,22.8925595,36.479167,41.5,8
2020-10-02,23.229706999999998,22.685416500000002,34.2375,40.5625,7
2020-10-03,18.099615,17.7354165,29.266667,34.6875,0
2020-10-04,15.837703874999999,15.693750000000001,25.025,28.0625,21
2020-10-05,21.684484625,21.19375,42.904167,37.875,7
2020-10-06,23.0993844375,22.2375,40.729167,39.5625,8
2020-10-07,17.075645375,17.114583,27.970833,34.9375,8
2020-10-08,8.4576831875,8.041369,19.585,15.6875,23
2020-10-09,9.502821125,8.5291665,23.825,16.5625,4
2020-10-10,6.7708220625,6.50625,9.875,12.6875,23
2020-10-11,9.3774683125,9.297917,14.766667,15.8125,22
2020-10-12,19.3300951875,20.0229165,39.316667,34.5625,9
2020-10-13,23.969855875,23.435416500000002,48.304167,42.0,8
2020-10-14,26.6007958125,25.912798000000002,39.920833,45.375,8
2020-10-15,27.2128833125,25.729166499999998,57.2875,46.5625,23
2020-10-16,24.3606483125,24.8578805,38.054167,39.3125,8
2020-10-17,16.2823256875,16.9375,24.616667,30.5,0
2020-10-18,11.374150875,11.279167000000001,17.808333,19.3125,5
2020-10-19,12.42351675,12.2645835,18.870833,20.0,8
2020-10-20,13.574384133333334,12.770833,25.354167,20.333333333333332,8
2020-10-21,12.56734375,12.63125,22.033333,20.0625,8
2020-10-22,10.4522531875,10.924275000000002,15.083333,20.5625,21
2020-10-23,10.295720124999999,9.4020835,18.170833,17.6875,0
2020-10-24,7.9327445625,7.5270835,18.854167,15.875,6
2020-10-25,6.000837875,5.735417,10.004167,12.8125,23
2020-10-26,15.305245625,15.2520835,29.575,33.625,19
2020-10-27,22.22126575,20.666667,51.775,40.125,8
2020-10-28,23.80218625,21.5541665,44.495833,37.8125,7
2020-10-29,29.4982244375,26.995833500000003,58.245833,46.75,8
2020-10-30,29.130258125,31.208333500000002,43.925,45.1875,11
2020-10-31,23.9795176875,24.1875,39.6375,38.8125,9
2020-11-01,20.429393125,20.233333000000002,33.208333,35.875,0
2020-11-02,23.456062625,24.6875,36.25,35.1875,8
2020-11-03,23.373453333333334,24.125,34.009091,33.733333333333334,7
2020-11-04,26.25611892857143,25.9113635,39.591667,43.785714285714285,19
2020-11-05,30.534011333333336,27.783333,57.55,44.6,17
2020-11-06,12.702412733333334,12.491667,20.858333,30.533333333333335,0
2020-11-07,5.850000071428572,5.0270835,13.125,13.714285714285714,23
2020-11-08,6.060416785714286,5.2395835,11.741667,14.285714285714286,0
2020-11-09,14.538110999999999,14.98,20.795833,27.6,20
2020-11-10,19.645974000000002,22.725,26.175,32.13333333333333,20
2020-11-11,25.070187875000002,24.48125,42.7,35.4375,21
2020-11-12,25.337846375,25.0440215,45.133333,37.6875,21
2020-11-13,25.4134120625,25.25875,36.454167,36.8125,0
2020-11-14,19.4733015625,22.104166499999998,26.6125,32.3125,20
2020-11-15,18.834024125,22.791667,28.466667,32.125,18
2020-11-16,24.636254625,25.9708335,41.321739,42.625,20
2020-11-17,26.641501066666667,28.554167,35.654167,40.8,8
2020-11-18,16.046596785714286,17.072916499999998,28.220833,26.571428571428573,0
2020-11-19,15.944601533333334,16.341667,26.404167,27.0,18
2020-11-20,25.570229533333336,28.070833,36.920833,40.6,17
2020-11-21,24.304601533333333,26.395833,37.6,36.93333333333333,19
2020-11-22,21.043659533333333,23.179167,30.179167,31.8,20
2020-11-23,19.034504625,20.35,29.9,27.5,20
2020-11-24,20.816499625,19.7720835,34.591667,33.75,21
2020-11-25,21.890704125,21.5875,43.370833,34.3125,8
2020-11-26,12.33783975,13.1270835,19.975,24.1875,0
2020-11-27,16.6243434375,17.310417,33.529167,29.0625,19
2020-11-28,19.390489125,20.3458335,35.808333,31.75,18
2020-11-29,19.3145380625,21.6083335,31.1,30.875,19
2020-11-30,25.17290525,26.502083,52.8875,39.625,18
2020-12-01,29.54145475,32.1833335,57.783333,42.9375,17
2020-12-02,31.52211275,33.8333335,53.029167,50.125,16
2020-12-03,23.84743775,23.219383999999998,54.620833,38.25,0
2020-12-04,26.5076529375,28.9104165,58.358333,40.0,19
2020-12-05,28.75195875,29.80625,48.095833,41.0625,17
2020-12-06,24.074649,26.03125,36.1625,36.125,19
2020-12-07,29.057982375,30.8125,48.925,42.3125,10
2020-12-08,23.219215124999998,23.150189,44.220833,37.375,17
2020-12-09,25.4956860625,24.694655500000003,49.120833,39.75,7
2020-12-10,19.88901525,20.972916499999997,28.516667,33.0,8
2020-12-11,18.1289444375,17.808332999999998,35.816667,28.9375,23
2020-12-12,16.2630660625,17.3270835,24.545833,25.3125,19
2020-12-13,13.25380425,13.279437999999999,19.947826,24.6875,21
2020-12-14,13.9834578125,13.13125,30.154167,26.25,0
2020-12-15,21.53705825,23.168750000000003,47.133333,32.6875,18
2020-12-16,26.27326375,28.09375,49.875,37.0625,8
2020-12-17,21.7774404375,22.313889,38.6875,36.25,9
2020-12-18,20.02820775,20.94375,41.720833,33.25,19
2020-12-19,21.606297375,23.393749999999997,37.245833,33.0625,19
2020-12-20,21.3643795625,23.589583,34.829167,34.0625,19
2020-12-21,25.853227,26.9333335,46.5375,40.25,18
2020-12-22,24.51892025,24.860416999999998,31.7,37.9375,8
2020-12-23,24.4091843125,26.0034725,41.475,41.5625,16
2020-12-24,18.0475639375,16.875453,38.6625,28.125,11
2020-12-25,12.763802,13.4270835,19.0125,24.75,19
2020-12-26,17.040659,19.3604165,25.995833,26.25,8
2020-12-27,11.031038733333332,12.079167,15.5375,20.0,0
2020-12-28,8.890096666666667,8.733333,18.291667,19.333333333333332,21
2020-12-29,17.223845125,16.864583,35.491667,28.9375,19
2020-12-30,21.2883039375,23.8583335,43.895833,33.3125,18
2020-12-31,17.2844995,16.264583,34.570833,29.9375,8
2021-01-01,13.942798999999999,16.422916999999998,23.0125,24.9375,18
2021-01-02,17.015364625,18.68125,22.195833,25.0625,8
2021-01-03,14.431702875,15.622916499999999,18.1,22.375,21
2021-01-04,18.2557063125,17.589582999999998,28.1625,28.25,19
2021-01-05,21.8681499375,22.8208335,36.6125,32.6875,18
2021-01-06,25.7876763125,27.0,39.270833,41.0625,18
2021-01-07,28.5599184375,30.227083,44.883333,43.3125,18
2021-01-08,26.52982325,28.6083335,37.570833,42.0,13
2021-01-09,20.037828375,22.8375,33.091667,31.0625,6
2021-01-10,16.70151725,19.6020835,28.325,27.5625,21
2021-01-11,23.5648324375,25.3875,46.05,35.3125,7
2021-01-12,26.34548225,28.525,46.675,36.625,18
2021-01-13,28.473288875,30.610326,52.128571,39.75,18
2021-01-14,26.27846357142857,29.175,43.55,39.642857142857146,7
2021-01-15,25.37460133333333,27.35,50.225,39.8,18
2021-01-16,25.241038666666665,28.8125,40.095833,39.93333333333333,19
2021-01-17,18.853454133333333,19.541667,29.420833,33.733333333333334,19
2021-01-18,21.396231866666668,23.0375,31.279167,36.6,7
2021-01-19,7.1810496,6.204167,12.7125,19.6,7
2021-01-20,11.283647333333333,10.55,24.6875,23.6,7
2021-01-21,18.836085933333333,16.745833,31.320833,30.2,20
2021-01-22,11.833007266666668,12.120833,17.933333,24.2,0
2021-01-23,10.328200466666665,10.3,15.275,18.6,23
2021-01-24,8.7137318,9.520833,12.1,15.8,0
2021-01-25,7.349118333333333,6.808333,20.979167,19.266666666666666,21
2021-01-26,14.579791666666667,12.858333,27.875,27.6,7
2021-01-27,13.1412516,11.958333,20.841667,23.4,7
2021-01-28,14.006038666666667,14.954167,17.9125,28.666666666666668,7
2021-01-29,11.0248145625,10.8333335,23.263158,22.4375,20
2021-01-30,14.1515738125,14.870833000000001,25.3125,24.875,20
2021-01-31,14.9964675,16.666667,24.091667,27.25,21
2021-02-01,24.3151834375,24.5625,39.7,38.1875,18
2021-02-02,20.4655901875,19.714394,33.635,31.5625,8
2021-02-03,17.1296501875,17.327083,26.445833,27.9375,12
2021-02-04,15.457298125,14.375,20.475,28.8125,21
2021-02-05,21.528548375,21.2416665,40.883333,32.5,21
2021-02-06,23.6835823125,23.608333000000002,34.408333,37.375,20
2021-02-07,18.9311112,19.895833,25.6,30.533333333333335,0
2021-02-08,14.2621016,15.5625,20.129167,23.866666666666667,0
2021-02-09,10.8571299375,10.274999999999999,17.458333,20.3125,16
2021-02-10,17.11681025,16.1958335,36.420833,28.6875,23
2021-02-11,19.228677125,18.754715,33.629167,29.6875,9
2021-02-12,11.3658515625,11.047917,20.888235,24.4375,23
2021-02-13,10.408441933333334,11.1125,16.708333,22.533333333333335,0
2021-02-14,4.1526087333333335,2.741667,17.570833,8.733333333333333,23
2021-02-15,14.686671133333334,13.941667,21.479167,23.4,6
2021-02-16,9.00497875,9.391228,16.004167,19.0,6
2021-02-17,12.7195579375,11.9229165,28.714286,23.5,7
2021-02-18,16.76953225,14.6541665,36.866667,31.0625,7
2021-02-19,24.704594750000002,26.041249999999998,40.320833,37.4375,7
2021-02-20,13.95327225,14.8020835,22.283333,28.375,0
2021-02-21,13.033118125,14.3875,21.0625,27.8125,21
2021-02-22,19.6325793125,20.89125,35.075,33.8125,7
2021-02-23,23.103385437500002,23.7386905,39.279167,37.3125,22
2021-02-24,20.240253625,20.83125,30.283333,34.0625,7
2021-02-25,15.9685795625,16.489705999999998,32.033333,30.625,21
2021-02-26,22.705813,24.464583500000003,38.825,36.875,23
2021-02-27,13.09558425,13.3541665,24.1125,28.6875,0
2021-02-28,11.521603125,14.15625,20.195833,24.25,23
2021-03-01,18.4765511875,19.31875,31.520833,35.75,22
2021-03-02,20.7020756875,21.779166500000002,34.7875,35.6875,0
2021-03-03,18.1398178125,19.2247025,23.870833,34.0,6
2021-03-04,16.68101875,16.354762,31.529167,29.8125,22
2021-03-05,20.211271,20.397917,33.5375,34.8125,7
2021-03-06,12.2191914375,12.552083,17.070833,24.625,1
2021-03-07,6.75673675,6.527898499999999,9.979167,12.5,0
2021-03-08,7.0199397333333335,6.8125,12.179167,17.0,23
2021-03-09,10.2083378,10.579167,14.729167,22.733333333333334,7
2021-03-10,7.1645494375,5.481249999999999,31.6375,15.75,1
2021-03-11,9.8163560625,9.4895835,29.945833,21.3125,23
2021-03-12,14.8919054375,15.48125,36.283333,26.375,6
2021-03-13,10.7323709375,11.0833335,20.729167,20.375,5
2021-03-14,5.7399909375,5.762499999999999,7.966667,12.0625,0
2021-03-15,6.412182875,4.9604165,15.116667,13.5625,6
2021-03-16,12.007769249999999,10.7854165,27.191667,25.0,6
2021-03-17,16.882969375,15.183695499999999,32.183333,28.4375,6
2021-03-18,17.5332549375,15.5979165,35.020833,29.625,6
2021-03-19,15.496148125,16.0354165,25.283333,29.875,6
2021-03-20,7.1699841875,7.69375,14.604167,15.0625,23
2021-03-21,8.4816010625,8.8895835,16.729167,17.3125,0
2021-03-22,12.361549125,11.397917,23.504167,26.0625,6
2021-03-23,8.9706081875,8.2354165,26.6125,22.0625,6
2021-03-24,10.053030125,8.162202,29.595833,22.625,7
2021-03-25,7.1370343125,6.7422345,16.816667,16.5625,6
2021-03-26,10.5406701875,10.1875,22.0,23.0,23
2021-03-27,14.9952673125,15.472917,24.266667,26.8125,22
2021-03-28,13.356261374999999,13.925,22.720833,27.0,0
2021-03-29,17.1605978125,18.022917,26.833333,33.4375,7
2021-03-30,11.688830375,11.4427695,18.5,23.375,18
2021-03-31,19.7068784375,18.6989585,43.766667,38.0625,20
2021-04-01,21.169771625,19.220833,46.19,40.1875,21
2021-04-02,14.6467251875,15.48125,20.0875,32.8125,5
2021-04-03,11.3785325625,11.427083499999998,20.133333,19.1875,23
2021-04-04,11.6642550625,11.8270835,17.3875,20.8125,0
2021-04-05,11.5538746875,11.4166665,24.121053,21.375,5
2021-04-06,10.84862175,10.254166999999999,23.908333,20.0625,6
2021-04-07,15.8980950625,14.241667,43.333333,26.625,7
2021-04-08,13.271895875,12.868749999999999,21.558333,23.875,6
2021-04-09,13.336945125,13.45,20.25,23.25,6
2021-04-10,11.3548573125,11.35625,18.704167,20.5,5
2021-04-11,7.255015875,7.408333000000001,9.745833,12.5625,0
2021-04-12,7.032076375,6.775,14.6875,13.75,8
2021-04-13,6.57056625,6.2875,19.608333,11.5,7
2021-04-14,7.5888538125,6.289880999999999,31.883333,15.125,6
2021-04-15,11.3513880625,10.7229165,25.4,23.6875,6
2021-04-16,11.9392549375,10.695833499999999,24.116667,22.3125,6
2021-04-17,10.064809875,9.475,15.066667,18.8125,23
2021-04-18,9.4606883125,9.233333,17.875,22.0625,1
2021-04-19,15.305379875,13.8770835,31.591667,31.875,7
2021-04-20,8.720086,8.91875,13.85,19.375,5
2021-04-21,5.224506875,4.4854164999999995,14.366667,9.4375,5
2021-04-22,7.084298125,5.483333,32.541667,11.5625,8
2021-04-23,7.36839075,6.8979165,26.629167,12.4375,5
2021-04-24,5.9890965625,5.1520835,18.416667,10.4375,6
2021-04-25,3.9423685625,4.014583,6.520833,7.9375,0
2021-04-26,5.3484099375,3.7672615,27.870833,9.5625,5
2021-04-27,6.974238124999999,6.616369000000001,19.004167,15.25,23
2021-04-28,14.328771,12.4833335,29.716667,26.9375,21
2021-04-29,18.5121466875,17.1054165,36.125,34.0625,22
2021-04-30,18.860204125,19.2975105,36.258333,36.75,5
2021-05-01,9.064710066666667,10.225,14.883333,19.333333333333332,2
2021-05-02,3.935036066666667,3.7375,5.795833,8.533333333333333,23
2021-05-03,9.028973533333334,8.55,22.2375,19.6,5
2021-05-04,12.154782125,12.8256945,21.377273,21.1875,7
2021-05-05,12.5806171875,12.36875,23.045833,23.4375,9
2021-05-06,8.6985509375,8.7900735,17.7,14.8125,1
2021-05-07,7.602038,7.122916999999999,21.445833,11.5625,6
2021-05-08,5.662216875,5.7270835,8.870833,9.8125,6
2021-05-09,4.8635076875,5.089582999999999,6.733333,9.3125,1
2021-05-10,6.2106884375,6.7291665,10.1125,10.8125,21
2021-05-11,8.459654125,7.987047,21.5625,15.3125,3
2021-05-12,8.452661125,7.305833,32.058333,14.625,9
2021-05-13,8.3233876875,6.5248185,33.5125,13.4375,9
2021-05-14,7.4709690625,6.7583335,22.458333,12.9375,7
2021-05-15,4.0732675625,4.0166664999999995,6.008333,6.875,6
2021-05-16,3.7461836,3.575,10.041667,6.466666666666667,18
2021-05-17,7.0362102,5.835,30.675,12.6,6
2021-05-18,8.811511466666667,8.325,32.6625,14.2,22
2021-05-19,8.238856125,7.3908995,16.825,16.1875,1
2021-05-20,7.483975625,7.043749999999999,24.6875,15.6875,5
2021-05-21,7.2553700625,5.6940475,26.508333,17.625,5
2021-05-22,5.5889153125,5.275,12.829167,12.3125,23
2021-05-23,7.514402125,6.3270835000000005,14.604167,15.4375,4
2021-05-24,14.918761312500001,14.002083,37.804167,30.8125,6
2021-05-25,13.708707125,12.5583335,21.654167,27.125,5
2021-05-26,8.7901388125,8.533333500000001,13.757895,19.3125,4
2021-05-27,7.381895375,7.41875,15.7625,12.4375,6
2021-05-28,8.970093375,9.6604165,15.670833,15.1875,9
2021-05-29,5.8391416875,6.3416665000000005,8.429167,9.3125,0
2021-05-30,4.748324375,5.345833,6.533333,7.125,19
2021-05-31,5.3852581875,5.7854165,7.466667,8.4375,20
2021-06-01,9.7338088125,9.1916665,25.675,16.625,7
2021-06-02,10.5334013125,10.2645835,29.091667,17.0,10
2021-06-03,8.3564198125,8.6729165,11.358333,15.125,9
2021-06-04,9.445003625,10.5270835,13.654167,17.625,5
2021-06-05,6.8960938125,7.74375,9.570833,11.1875,3
2021-06-06,4.0000000625,3.9145835,5.816667,7.0625,0
2021-06-07,5.4445313125,4.7416665,8.7875,9.375,6
2021-06-08,6.251302125,5.481249999999999,17.733333,12.125,23
2021-06-09,9.5934896875,7.8,27.841667,18.0625,5
2021-06-10,9.5013873125,8.2116665,23.916667,18.3125,5
2021-06-11,12.62251425,11.274999999999999,28.541667,21.25,4
2021-06-12,11.75859375,10.8229165,19.2375,22.5,5
2021-06-13,8.06953125,7.8479165,14.454167,14.875,1
2021-06-14,12.908631,11.360417,23.845833,23.625,9
2021-06-15,16.7227608125,15.9208335,26.533333,28.9375,8
2021-06-16,10.531461400000001,10.375,16.816667,19.533333333333335,5
2021-06-17,13.4275681875,14.210416500000001,20.7,22.8125,7
2021-06-18,10.863689875,12.3083335,15.870833,15.9375,4
2021-06-19,8.115908125,8.445833,12.866667,13.375,7
2021-06-20,6.942221375,7.375,10.125,11.625,2
2021-06-21,8.9822124375,8.847916999999999,19.383333,15.125,5
2021-06-22,9.608127812500001,8.65625,24.875,15.875,10
2021-06-23,9.328815625,8.7541665,22.9125,15.0,6
2021-06-24,7.8617040625,7.239583,23.2375,12.75,5
2021-06-25,10.2159414375,9.804166500000001,21.841667,16.875,6
2021-06-26,10.245606875,10.3291665,16.941667,18.375,23
2021-06-27,8.748358125,9.056249999999999,14.020833,15.1875,23
2021-06-28,9.57922325,10.40625,13.758333,18.5,8
2021-06-29,8.5123435625,8.775,14.620833,13.5625,6
2021-06-30,8.60661675,9.4204545,12.729167,15.0,3
2021-07-01,8.8892046875,8.798098,18.627273,14.4375,21
2021-07-02,11.64863,11.08125,27.283333,19.4375,9
2021-07-03,9.2337635,9.720832999999999,13.533333,17.1875,3
2021-07-04,6.3786571875,6.425000000000001,9.120833,13.3125,21
2021-07-05,7.2695990625,7.7291665,12.729167,12.25,4
2021-07-06,9.87569575,10.4875,18.425,15.8125,4
2021-07-07,11.9762228125,12.4229165,21.9875,20.875,8
2021-07-08,12.5179686875,13.54375,18.2875,22.8125,13
2021-07-09,12.7804013125,13.4025,27.069565,21.6875,1
2021-07-10,10.1570590625,11.3488635,17.041667,17.8125,4
2021-07-11,6.445369125,6.1895834999999995,10.425,10.5,0
2021-07-12,8.7045744375,9.2125,14.329167,15.375,4
2021-07-13,11.0371974375,10.695833499999999,28.538095,18.4375,8
2021-07-14,9.9438518125,10.60625,16.695833,17.0625,5
2021-07-15,8.5167225,8.6916665,17.018182,14.0,8
2021-07-16,9.278327875,9.350000000000001,22.445455,15.5625,9
2021-07-17,8.9227241875,9.3229165,17.620833,15.0625,4
2021-07-18,7.9858808125,7.9125,12.2,14.75,7
2021-07-19,11.004563,10.7875,28.025,20.5,4
2021-07-20,11.5083129375,10.98125,31.020833,19.5625,8
2021-07-21,12.0104941875,12.4020835,22.954167,20.8125,4
2021-07-22,9.6656325,9.7333335,16.775,19.125,0
2021-07-23,9.0652288125,9.539583499999999,14.625,14.3125,0
2021-07-24,7.715081437499999,8.852083,13.6375,12.6875,6
2021-07-25,5.62421875,5.9916665,8.4375,8.375,4
2021-07-26,10.767075875,9.7541665,29.014286,18.6875,9
2021-07-27,10.1016046875,7.817572500000001,27.695833,15.8125,9
2021-07-28,12.1469315625,11.256250000000001,30.058333,21.875,4
2021-07-29,12.9389018125,13.039583499999999,29.279167,23.0625,7
2021-07-30,12.516621375,11.685417000000001,27.658333,20.4375,4
2021-07-31,10.10137,11.10625,16.429167,18.1875,4
2021-08-01,9.452808,9.6354165,15.25,15.8125,2
2021-08-02,14.6287364375,12.447917,30.245833,25.25,23
2021-08-03,15.046875625,13.941666999999999,34.229167,26.5,0
2021-08-04,13.7352653125,13.425,30.5,22.25,23
2021-08-05,13.2254406875,14.04375,22.183333,23.125,4
2021-08-06,9.864245866666666,10.233333,14.870833,20.333333333333332,5
2021-08-07,7.462797571428572,8.139583,11.766667,11.642857142857142,7
2021-08-08,6.876190428571428,7.877083000000001,9.5625,10.714285714285714,5
2021-08-09,10.275555666666666,9.9375,23.266667,17.933333333333334,5
2021-08-10,12.142850375,11.0583335,30.625,20.6875,8
2021-08-11,14.279220466666667,14.483333,34.554167,25.866666666666667,5
2021-08-12,13.734505625,13.3125,24.083333,24.9375,7
2021-08-13,12.0769865625,11.7458335,17.983333,22.375,5
2021-08-14,10.23528075,11.54375,16.145833,17.6875,5
2021-08-15,9.6878171875,9.818750000000001,14.366667,16.125,23
2021-08-16,12.0467956875,13.145833,17.154167,22.8125,6
2021-08-17,8.1864945625,8.838333500000001,12.245833,14.9375,2
2021-08-18,5.3855085,4.8208335,8.254167,11.125,6
2021-08-19,7.679744125,6.681703000000001,22.920833,13.8125,6
2021-08-20,8.2617316875,7.115774,27.2125,14.5625,5
2021-08-21,6.133661625,5.4755435,18.229167,10.625,8
2021-08-22,6.425090562499999,6.133333,14.116667,12.4375,3
2021-08-23,11.582552,10.064583500000001,27.325,21.3125,6
2021-08-24,12.7418623125,10.241667,35.795833,24.125,6
2021-08-25,15.3507035625,13.447916500000002,38.266667,26.4375,5
2021-08-26,18.3277698125,16.4041665,39.2875,33.375,6
2021-08-27,18.023331,16.166666499999998,34.095833,32.6875,7
2021-08-28,12.468400875,12.5666665,21.95,22.1875,6
2021-08-29,9.3796875,9.8291665,14.95,16.875,22
2021-08-30,11.3938971875,10.78125,25.191667,20.0,5
2021-08-31,10.81050075,11.705655,23.1875,17.0625,8
2021-09-01,7.5083919375,7.4354165000000005,13.233333,13.4375,6
2021-09-02,9.0708924375,8.285416999999999,25.321053,14.9375,2
2021-09-03,13.5598309375,12.6041665,27.4,25.0625,22
2021-09-04,14.8967164375,13.9791665,22.983333,27.6875,7
2021-09-05,12.583743866666667,11.991667,19.4625,24.6,0
2021-09-06,6.010072533333333,5.925,8.825,10.066666666666666,6
2021-09-07,11.569263750000001,10.264583,28.445455,19.75,6
2021-09-08,13.309273000000001,12.033333,31.470833,22.25,6
2021-09-09,14.5047480625,13.3,37.65,24.25,5
2021-09-10,14.7523075625,13.335416500000001,36.154167,24.75,23
2021-09-11,13.7188065625,13.21875,23.5375,24.875,2
2021-09-12,11.745369,11.833333,17.5125,20.3125,0
2021-09-13,16.3657269375,15.133333499999999,34.929167,27.125,9
2021-09-14,16.8011718125,18.333333,28.408333,26.4375,4
2021-09-15,12.67275375,12.229166500000002,25.53,21.0625,9
2021-09-16,11.648156666666667,9.508333,27.218182,18.4,11
2021-09-17,11.290832466666666,11.091667,19.0,18.666666666666668,0
2021-09-18,10.240265666666666,8.729167,20.670833,19.333333333333332,5
2021-09-19,11.031847800000001,10.479167,16.191667,16.866666666666667,22
2021-09-20,16.570640066666666,16.366667,22.991667,28.2,6
2021-09-21,20.05916673333333,17.470833,39.575,34.666666666666664,7
2021-09-22,20.361142533333336,16.983333,39.545833,35.266666666666666,0
2021-09-23,18.863299733333335,19.047368,35.891667,27.8,21
2021-09-24,17.903239066666668,17.058333,30.970833,25.666666666666668,5
2021-09-25,11.553985466666665,10.645833,18.733333,20.133333333333333,0
2021-09-26,6.404516933333334,6.733333,12.875,8.733333333333333,20
2021-09-27,9.941473333333333,10.333333,18.458333,16.8,18
2021-09-28,10.164848533333332,9.708333,23.85,17.666666666666668,6
2021-09-29,15.607110866666666,14.159091,36.895833,26.333333333333332,23
2021-09-30,21.342813866666667,20.383333,47.433333,37.0,21
2021-10-01,23.101647933333332,23.470833,37.372727,38.733333333333334,21
2021-10-02,20.381980733333332,20.883333,33.991667,36.6,8
2021-10-03,17.10093,16.829167,27.504167,32.333333333333336,23
2021-10-04,23.19101446666667,23.1875,51.125,43.0,8
2021-10-05,11.3551934,10.5,30.621053,22.466666666666665,6
2021-10-06,13.692917333333332,12.070833,40.7375,21.466666666666665,6
2021-10-07,9.961312466666667,10.429167,17.2375,16.866666666666667,8
2021-10-08,8.832663466666666,7.15,29.2625,16.733333333333334,23
2021-10-09,11.540023999999999,11.408333,19.066667,21.0,21
2021-10-10,14.102971,13.933333,20.379167,24.0,22
2021-10-11,11.0957368,11.504167,21.229167,24.466666666666665,5
2021-10-12,10.168654533333333,8.858333,33.029167,25.666666666666668,21
2021-10-13,20.0437078,21.054167,45.6625,33.06666666666667,21
2021-10-14,25.3713148,25.1,45.754167,39.53333333333333,20
2021-10-15,21.35161306666667,23.9125,47.170833,36.666666666666664,20
2021-10-16,19.226147266666665,20.958333,33.2375,33.86666666666667,0
2021-10-17,13.963128000000001,13.183333,24.891667,28.2,0
2021-10-18,9.502874466666666,9.175,27.529167,18.266666666666666,23
2021-10-19,15.512427599999999,14.8,29.566667,25.8,7
2021-10-20,19.780379533333335,19.341667,42.366667,30.666666666666668,7
2021-10-21,22.4465528,20.445833,37.320833,38.0,7
2021-10-22,16.199922666666666,15.755,24.370833,26.6,0
2021-10-23,8.6658576,9.066667,13.579167,13.466666666666667,23
2021-10-24,7.985362266666667,8.033333,12.604167,13.266666666666667,0
2021-10-25,11.121557933333332,10.625,21.441667,19.133333333333333,19
2021-10-26,15.7237198,15.495833,36.275,27.8,19
2021-10-27,24.284086933333334,24.075,51.858333,38.4,19
2021-10-28,25.504997333333336,24.825,54.683333,42.666666666666664,19
2021-10-29,25.780954066666666,27.266667,38.2125,39.0,20
2021-10-30,14.546968733333333,15.479167,19.866667,25.2,0
2021-10-31,9.497632733333335,10.716667,11.645833,20.333333333333332,23
2021-11-01,19.877399,20.0125,38.558333,30.2,9
2021-11-02,19.223835,20.041667,28.891667,28.2,5
2021-11-03,22.3798094,23.56087,31.604167,36.2,10
2021-11-04,25.4593584,27.677273,37.741667,38.53333333333333,18
2021-11-05,25.892653533333334,29.445,35.35,38.13333333333333,9
2021-11-06,18.53894926666667,18.820833,26.995833,26.333333333333332,10
2021-11-07,15.265181133333332,16.825,24.695833,25.666666666666668,22
2021-11-08,17.169601466666666,18.270833,25.691667,28.333333333333332,23
2021-11-09,17.2479996,16.075,41.233333,27.533333333333335,0
2021-11-10,20.83048826666667,23.191667,38.575,37.4,19
2021-11-11,24.804106133333335,28.970833,60.541667,38.666666666666664,18
2021-11-12,25.250328466666666,25.529167,62.041667,39.6,18
2021-11-13,22.248128,25.591667,36.725,35.86666666666667,19
2021-11-14,22.60847826666667,23.75,40.9375,37.266666666666666,20
2021-11-15,27.2630554,26.320833,52.183333,43.53333333333333,0
2021-11-16,21.6800578,23.229167,30.275,33.93333333333333,10
2021-11-17,21.53161706666667,19.995652,34.554167,32.666666666666664,20
2021-11-18,25.689501733333334,22.665,44.675,37.333333333333336,17
2021-11-19,24.06625514285714,23.929167,38.158333,34.42857142857143,18
2021-11-20,21.673291857142857,21.4145835,32.070833,32.785714285714285,23
2021-11-21,17.0627174,17.133333,36.95,29.6,22
2021-11-22,23.010451733333333,24.175,53.495833,35.8,18
2021-11-23,23.0381052,23.12,32.625,34.06666666666667,2
2021-11-24,19.791439,15.191667,39.620833,34.46666666666667,20
2021-11-25,13.152620733333332,12.529167,27.7,26.2,0
2021-11-26,20.422065200000002,23.029167,42.2125,33.0,18
2021-11-27,23.572826066666668,25.908333,34.116667,36.93333333333333,18
2021-11-28,23.517512133333334,26.429167,35.391667,35.53333333333333,20
2021-11-29,33.1576588,33.070833,49.325,50.93333333333333,12
2021-11-30,37.9628782,43.970833,55.604167,57.13333333333333,17
2021-12-01,36.39281306666667,40.205,51.957143,56.0,13
2021-12-02,30.6982188,27.5375,43.716667,46.8,10
2021-12-03,25.028949357142857,23.7339675,37.654167,36.642857142857146,16
2021-12-04,20.176953857142855,18.6636775,27.6125,30.5,0
2021-12-05,21.5317935,22.4,28.920833,33.357142857142854,18
2021-12-06,23.34770192857143,23.910417000000002,30.225,39.714285714285715,10
2021-12-07,18.775065466666668,18.595833,35.0,30.0,19
2021-12-08,18.718773133333332,18.3625,40.7375,27.933333333333334,9
2021-12-09,12.173515466666666,9.929167,37.520833,22.666666666666668,19
2021-12-10,18.9529178,19.6125,31.533333,30.533333333333335,18
2021-12-11,19.0866546,20.654167,32.0625,29.466666666666665,19
2021-12-12,19.907669133333332,20.65,30.241667,29.2,19
2021-12-13,19.4497826,19.879167,29.191667,30.2,10
2021-12-14,8.404485533333334,8.070833,20.608333,20.733333333333334,22
2021-12-15,19.684995933333333,19.945833,43.325,29.0,19
2021-12-16,21.397617533333335,21.12,34.958333,30.0,21
2021-12-17,20.637173933333333,22.95,42.754167,30.333333333333332,22
2021-12-18,20.249553066666667,23.545833,36.291667,30.266666666666666,19
2021-12-19,21.360338133333336,22.845833,28.8,31.2,19
2021-12-20,29.777596666666668,31.216667,48.208333,43.0,17
2021-12-21,30.930710066666666,31.875,55.408333,42.333333333333336,10
2021-12-22,33.68203533333333,34.879167,53.4,46.06666666666667,17
2021-12-23,16.541268133333332,17.704167,24.845833,29.4,1
2021-12-24,8.459565066666666,8.1,18.833333,17.0,21
2021-12-25,7.423478333333334,6.970833,13.241667,14.6,0
2021-12-26,8.890604,9.154167,14.979167,20.4,21
2021-12-27,14.067777733333333,13.441667,30.708333,22.666666666666668,8
2021-12-28,16.024553066666666,16.358333,34.741667,26.466666666666665,19
2021-12-29,12.1817752,13.5125,18.7125,21.933333333333334,0
2021-12-30,9.025108600000001,8.683333,15.633333,21.466666666666665,21
2021-12-31,12.483514466666666,12.754167,25.4375,22.066666666666666,1
2022-01-01,10.470603866666666,13.095833,19.304167,21.333333333333332,20
2022-01-02,14.760507333333333,17.282609,22.716667,25.133333333333333,21
2022-01-03,21.7546618,23.375,40.066667,32.46666666666667,19
2022-01-04,24.561751266666665,26.7875,43.858333,33.46666666666667,19
2022-01-05,28.1765614,30.413636,49.604167,41.53333333333333,17
2022-01-06,32.952566866666665,33.2375,47.570833,50.0,17
2022-01-07,24.52447726666667,23.670833,34.3625,38.333333333333336,0
2022-01-08,15.1439492,14.8625,27.05,28.133333333333333,21
2022-01-09,17.143635333333336,18.820833,27.904167,29.066666666666666,20
2022-01-10,21.115579733333334,24.704167,45.754167,31.733333333333334,7
2022-01-11,23.311954733333334,26.383333,54.754167,36.0,18
2022-01-12,27.798801933333333,29.104167,59.058333,38.0,9
2022-01-13,35.4304848,36.154167,55.204167,45.266666666666666,17
2022-01-14,30.7502296,33.375,56.308333,46.666666666666664,16
2022-01-15,23.156570066666667,24.2375,41.966667,36.06666666666667,0
2022-01-16,15.890072466666668,15.820833,25.545833,26.533333333333335,0
2022-01-17,16.697330733333335,16.5625,22.875,27.333333333333332,6
2022-01-18,14.563043599999999,13.020833,28.616667,24.6,4
2022-01-19,18.7859444,17.4375,42.6875,29.733333333333334,20
2022-01-20,22.228722133333335,22.11,49.35,34.53333333333333,18
2022-01-21,16.235338199999997,16.479167,30.95,32.06666666666667,8
2022-01-22,8.682500066666668,4.0,27.679167,22.0,18
2022-01-23,14.7938888,13.6,29.529167,25.733333333333334,19
2022-01-24,23.216521733333334,24.116667,33.279167,35.0,19
2022-01-25,24.2019554,25.7125,32.945833,35.86666666666667,20
2022-01-26,23.69455526666667,25.995833,45.045833,37.333333333333336,20
2022-01-27,25.297678666666666,26.695833,51.079167,36.666666666666664,18
2022-01-28,20.475313933333332,23.770833,37.304167,35.93333333333333,9
2022-01-29,25.473937133333333,28.708333,45.6375,35.13333333333333,18
2022-01-30,20.576485466666668,21.683333,28.004167,31.466666666666665,20
2022-01-31,27.592333333333332,28.45,36.4875,37.46666666666667,9
2022-02-01,21.306074866666666,21.7625,32.6875,34.6,0
2022-02-02,18.581871999999997,21.3875,37.5875,32.53333333333333,21
2022-02-03,23.966654466666668,27.145833,51.925,36.53333333333333,20
2022-02-04,21.552758333333333,23.275,44.5625,34.06666666666667,0
2022-02-05,20.0307608,22.675,35.508333,31.6,19
2022-02-06,20.481799466666665,24.241667,35.904167,32.8,19
2022-02-07,23.797160800000004,26.633333,53.358333,39.86666666666667,19
2022-02-08,25.583690466666667,26.654167,58.15,40.06666666666667,19
2022-02-09,25.141688199999997,25.575,64.058333,39.8,18
2022-02-10,21.550451666666667,19.683333,56.1,37.06666666666667,21
2022-02-11,27.197687733333336,28.5375,55.033333,42.0,19
2022-02-12,21.686388933333333,22.179167,42.341667,35.93333333333333,0
2022-02-13,16.471690866666666,19.191667,30.741667,31.0,21
2022-02-14,21.9798914,22.616667,39.395833,35.86666666666667,8
2022-02-15,8.3074518,7.479167,27.2,17.066666666666666,23
2022-02-16,14.897813399999999,13.170833,21.8375,26.4,7
2022-02-17,17.216097133333335,16.720833,35.133333,32.46666666666667,22
2022-02-18,22.082048333333333,24.13,48.829167,34.666666666666664,21
2022-02-19,18.919130399999997,19.195833,34.4,31.4,0
2022-02-20,13.550181133333332,13.691667,20.65,25.533333333333335,0
2022-02-21,7.817644866666667,5.925,22.745833,16.733333333333334,6
2022-02-22,6.759385533333333,5.954167,25.366667,14.2,7
2022-02-23,8.746781,6.495833,33.970833,19.933333333333334,23
2022-02-24,17.342923066666668,17.681818,42.908333,31.4,22
2022-02-25,21.9156412,22.929167,43.4,34.13333333333333,22
2022-02-26,19.47380433333333,21.483333,34.525,32.13333333333333,21
2022-02-27,15.606243933333333,19.720833,27.770833,29.533333333333335,21
2022-02-28,23.379661933333335,26.0625,52.204167,39.266666666666666,19
2022-03-01,24.381687333333332,23.633333,57.741667,40.8,7
2022-03-02,28.279859933333334,29.9,41.158333,47.266666666666666,20
2022-03-03,16.735649333333335,17.725,27.220833,36.86666666666667,0
2022-03-04,8.479671533333335,7.608333,24.325,20.666666666666668,6
2022-03-05,6.438913066666667,5.420833,13.5125,17.8,6
2022-03-06,10.601552466666666,11.420833,18.658333,23.133333333333333,21
2022-03-07,18.356557866666666,19.083333,38.75,32.53333333333333,23
2022-03-08,19.669859466666665,20.118182,46.6875,33.4,6
2022-03-09,16.379097666666667,17.366667,22.347826,32.86666666666667,1
2022-03-10,11.571684333333334,11.216667,26.3125,25.333333333333332,22
2022-03-11,18.127500066666666,18.5875,43.666667,34.4,22
2022-03-12,17.292499866666667,17.808333,33.0625,32.6,0
2022-03-13,11.1477778,11.5375,17.558333,23.2,0
2022-03-14,15.198333466666666,12.991667,24.941667,30.8,6
2022-03-15,20.618851866666667,19.295833,37.133333,34.666666666666664,7
2022-03-16,11.570096357142857,11.929166500000001,21.65,23.214285714285715,0
2022-03-17,16.959226142857144,15.852083499999999,43.233333,31.285714285714285,6
2022-03-18,18.79995757142857,19.69375,31.566667,32.5,7
2022-03-19,12.057142857142859,12.0020835,18.345833,28.642857142857142,1
2022-03-20,4.030654785714286,3.9166665,10.4875,9.785714285714286,22
2022-03-21,13.633333357142858,14.160416999999999,24.629167,26.857142857142858,22
2022-03-22,19.871323999999998,21.864583500000002,40.2375,37.07142857142857,6
2022-03-23,19.0615425,19.270833500000002,40.725,35.0,6
2022-03-24,21.47701,19.108333,46.983333,35.666666666666664,6
2022-03-25,20.263923466666665,21.954167,37.604167,30.866666666666667,10
2022-03-26,12.8863406,12.095833,18.991667,22.866666666666667,6
2022-03-27,3.7570893333333335,3.695833,5.645833,6.8,18
2022-03-28,6.528454066666667,5.529167,18.183333,14.133333333333333,23
2022-03-29,11.212222200000001,9.829167,36.241667,20.466666666666665,5
2022-03-30,10.472097866666667,9.383333,22.2,18.733333333333334,6
2022-03-31,8.667534533333333,7.566667,19.614286,14.533333333333333,23
2022-04-01,12.855541066666666,10.7375,35.24,23.466666666666665,6
2022-04-02,8.827608733333333,7.125,21.508333,19.266666666666666,0
2022-04-03,4.8087078666666665,4.133333,10.854167,8.866666666666667,23
2022-04-04,11.938357466666666,10.004167,35.0875,23.133333333333333,22
2022-04-05,14.033840333333332,13.214286,27.9,23.2,0
2022-04-06,18.8973792,18.333333,35.529167,32.2,23
2022-04-07,19.220201999999997,18.575,46.166667,36.6,7
2022-04-08,18.167839800000003,17.8375,48.016667,33.266666666666666,5
2022-04-09,11.1698912,13.120833,17.579167,25.733333333333334,1
2022-04-10,3.877186,4.020833,5.516667,6.6,9
2022-04-11,5.507198066666667,5.120833,10.979167,11.2,5
2022-04-12,5.0933484,4.1,23.195833,10.466666666666667,3
2022-04-13,11.385557799999999,10.883333,33.759091,24.8,5
2022-04-14,13.120890533333332,11.666667,30.654545,25.733333333333334,5
2022-04-15,10.285407266666665,9.966667,21.1125,19.8,0
2022-04-16,4.922801866666666,4.808333,12.758333,10.933333333333334,23
2022-04-17,5.258007266666667,5.0625,9.9875,11.4,23
2022-04-18,13.6047222,11.608333,25.808333,22.8,5
2022-04-19,10.817789800000002,10.291667,29.629167,21.333333333333332,5
2022-04-20,6.443417866666667,6.254167,14.929167,13.666666666666666,23
2022-04-21,8.447021733333333,7.458333,23.279167,20.533333333333335,5
2022-04-22,6.369726066666667,4.708333,21.7875,14.6,23
2022-04-23,9.458514599999999,8.8,16.429167,20.466666666666665,22
2022-04-24,9.309794733333332,10.491667,20.383333,19.8,22
2022-04-25,16.739299533333334,14.6875,41.8375,33.666666666666664,7
2022-04-26,14.91435,15.704545,22.354167,33.0,1
2022-04-27,7.286395933333334,7.425,10.92,14.066666666666666,4
2022-04-28,7.568315733333334,7.2625,18.875,16.733333333333334,23
2022-04-29,12.145276533333334,11.657143,24.316667,22.866666666666667,5
2022-04-30,12.4602416,11.570833,18.979167,22.933333333333334,0
2022-05-01,5.735036133333334,5.983333,10.75,12.2,5
2022-05-02,7.710567666666666,7.804348,18.6125,16.533333333333335,23
2022-05-03,8.2780556,8.008333,16.35,17.266666666666666,6
2022-05-04,13.2691426,11.541667,27.620833,23.733333333333334,5
2022-05-05,13.5224748,11.754167,29.275,23.533333333333335,2
2022-05-06,15.019480600000001,14.1625,23.55,26.666666666666668,7
2022-05-07,6.278647333333334,6.916667,9.179167,13.133333333333333,0
2022-05-08,3.6039250666666667,3.4875,5.4875,7.666666666666667,22
2022-05-09,7.339239133333334,6.958333,21.8375,17.6,5
2022-05-10,9.886557933333334,8.4125,25.8125,21.333333333333332,5
2022-05-11,9.010212733333333,7.691667,28.454167,18.866666666666667,4
2022-05-12,14.109432199999999,14.0125,42.033333,29.333333333333332,6
2022-05-13,17.008474266666667,15.129167,35.766667,31.0,6
2022-05-14,15.291050666666667,16.158333,26.583333,29.933333333333334,0
2022-05-15,10.920482999999999,9.945833,18.579167,24.0,0
2022-05-16,7.8565130666666665,8.075,14.208333,13.466666666666667,5
2022-05-17,8.712501133333332,8.304167,14.336364,16.133333333333333,23
2022-05-18,8.792582266666667,8.104167,14.704167,16.266666666666666,6
2022-05-19,7.330530400000001,7.154167,13.25,11.8,9
2022-05-20,5.3123081333333335,5.016667,10.427778,8.6,6
2022-05-21,5.024202866666667,5.104167,9.425,10.133333333333333,8
2022-05-22,6.354396133333334,5.770833,11.929167,13.4,5
2022-05-23,8.2012158,7.825,13.583333,13.266666666666667,5
2022-05-24,9.3472586,9.029167,18.0625,17.733333333333334,8
2022-05-25,11.441647333333332,12.058333,19.670833,23.133333333333333,5
2022-05-26,8.283309133333333,7.970833,16.908333,14.733333333333333,5
2022-05-27,7.496394333333333,6.025,26.441667,12.533333333333333,7
2022-05-28,5.169782533333334,4.570833,13.445833,9.666666666666666,0
2022-05-29,4.414758333333333,4.579167,7.320833,9.066666666666666,4
2022-05-30,4.587596666666667,4.0875,7.666667,10.333333333333334,22
2022-05-31,9.699637599999999,9.225,20.625,19.866666666666667,22
2022-06-01,13.081002466666666,12.470833,19.854167,24.866666666666667,0
2022-06-02,9.128584266666667,9.240909,14.0,18.0,5
2022-06-03,7.806304266666666,8.183333,13.130435,13.533333333333333,22
2022-06-04,5.298888933333333,5.341667,7.608333,9.266666666666667,23
2022-06-05,5.415881533333334,5.504167,8.1375,9.533333333333333,0
2022-06-06,7.220555533333334,7.379167,11.1875,14.066666666666666,22
2022-06-07,9.022415266666666,8.670833,13.954167,14.866666666666667,4
2022-06-08,9.648985466666666,9.508333,18.8,16.533333333333335,8
2022-06-09,9.841950066666667,9.8625,14.9375,18.2,5
2022-06-10,13.786204999999999,13.783333,22.925,26.4,6
2022-06-11,9.958043466666668,9.8625,17.954167,16.266666666666666,4
2022-06-12,6.389287333333333,6.6375,9.920833,11.2,0
2022-06-13,5.733272933333334,5.395833,11.258333,11.666666666666666,19
2022-06-14,8.179654466666667,7.942857,16.841667,15.066666666666666,7
2022-06-15,10.088389333333334,9.836364,15.091667,19.133333333333333,4
2022-06-16,8.792628333333333,8.547826,12.929167,17.066666666666666,9
2022-06-17,6.5029564,6.216667,15.6625,11.933333333333334,21
2022-06-18,6.636002466666667,6.041667,12.791667,13.733333333333333,5
2022-06-19,6.244287466666666,5.654167,10.858333,12.333333333333334,23
2022-06-20,13.322125533333333,12.145833,29.5,27.2,5
2022-06-21,13.0966678,13.266667,23.709091,25.266666666666666,5
2022-06-22,13.996400999999999,12.525,32.3,22.2,9
2022-06-23,12.703135933333334,10.883333,32.7,22.4,23
2022-06-24,14.2675844,12.233333,32.254167,25.4,7
2022-06-25,10.6122946,9.016667,19.670833,18.266666666666666,9
2022-06-26,9.5364612,9.325,15.6,16.733333333333334,9
2022-06-27,14.433442066666666,13.204167,33.108333,25.466666666666665,6
2022-06-28,14.985495266666668,14.220833,27.054167,28.0,8
2022-06-29,10.678526466666666,10.145833,15.995833,19.466666666666665,6
2022-06-30,9.757917866666668,9.679167,17.995833,17.133333333333333,4
2022-07-01,10.643417933333334,11.179167,18.333333,19.4,4
2022-07-02,7.893309133333333,8.433333,13.791667,14.933333333333334,5
2022-07-03,5.038925266666666,5.1625,7.704167,10.4,2
2022-07-04,5.0973549333333334,5.125,7.720833,11.066666666666666,23
2022-07-05,7.421078266666667,7.420833,10.925,14.2,0
2022-07-06,7.5736276,7.675,14.566667,14.4,23
2022-07-07,10.360104266666667,9.454167,19.070833,18.4,5
2022-07-08,9.830798866666667,9.552381,18.329167,16.933333333333334,5
2022-07-09,9.282850266666665,8.816667,14.6625,16.733333333333334,3
2022-07-10,8.767391333333334,8.6,14.845833,15.666666666666666,4
2022-07-11,10.145446933333334,10.1875,19.329167,16.866666666666667,3
2022-07-12,9.496388866666667,10.1625,17.808333,15.4,6
2022-07-13,9.497862466666668,7.291667,26.179167,15.066666666666666,7
2022-07-14,10.282983066666667,10.791667,17.575,17.0,4
2022-07-15,12.028454066666665,11.608333,28.845833,19.6,22
2022-07-16,10.764951733333334,11.116667,17.404167,18.733333333333334,2
2022-07-17,8.222971,8.325,11.608333,15.866666666666667,4
2022-07-18,10.953381666666667,11.133333,19.829167,18.066666666666666,4
2022-07-19,12.1939734,11.25,30.733333,20.666666666666668,4
2022-07-20,12.354927466666668,12.216667,24.708333,22.133333333333333,4
2022-07-21,12.5420652,12.120833,26.783333,21.333333333333332,5
2022-07-22,9.982042733333333,10.495833,17.141667,16.533333333333335,5
2022-07-23,5.8554226,6.033333,10.233333,10.066666666666666,7
2022-07-24,5.570905933333333,5.716667,8.108333,8.8,22
2022-07-25,8.297173933333333,8.733333,17.208333,14.266666666666667,6
2022-07-26,9.5540946,8.225,25.245833,15.266666666666667,9
2022-07-27,10.942938066666667,8.808333,29.216667,17.6,5
2022-07-28,12.537390333333333,13.354167,22.620833,19.8,7
2022-07-29,9.934444533333334,10.691667,15.625,16.466666666666665,1
2022-07-30,9.4577778,9.320833,14.266667,15.066666666666666,11
2022-07-31,6.437777933333333,7.008333,9.554167,11.333333333333334,23
2022-08-01,10.421304333333334,9.004167,25.1125,19.066666666666666,5
2022-08-02,9.399043733333334,7.4375,24.929167,16.666666666666668,5
2022-08-03,10.451403466666667,9.183333,24.05,16.866666666666667,5
2022-08-04,11.458819400000001,10.6875,21.633333,17.466666666666665,4
2022-08-05,11.2493806,10.825,24.083333,20.933333333333334,5
2022-08-06,9.749432333333335,9.708333,14.583333,17.466666666666665,22
2022-08-07,10.632910666666668,10.4625,18.9375,18.0,21
2022-08-08,12.466896133333334,11.808333,17.9625,23.866666666666667,2
2022-08-09,13.799029066666666,11.795833,23.045833,26.266666666666666,6
2022-08-10,14.5426956,13.908333,29.133333,27.0,4
2022-08-11,14.8594466,15.0375,25.554167,27.533333333333335,5
2022-08-12,15.338619266666667,13.6125,30.9125,27.133333333333333,8
2022-08-13,13.1922222,13.0,19.366667,23.533333333333335,6
2022-08-14,9.965132933333333,9.15,16.475,16.933333333333334,5
2022-08-15,16.022258400000002,14.25,33.008333,28.733333333333334,5
2022-08-16,16.827275,16.320833,38.1375,30.066666666666666,2
2022-08-17,14.507296333333333,14.379167,29.908333,25.133333333333333,7
2022-08-18,13.198587533333333,11.979167,27.208333,21.4,6
2022-08-19,14.2260508,15.229167,23.954167,23.133333333333333,5
2022-08-20,6.359009733333333,6.604167,11.0875,12.0,5
2022-08-21,4.7300483333333325,4.804167,7.683333,8.2,0
2022-08-22,10.153743933333335,8.833333,26.595833,17.0,7
2022-08-23,13.641558066666667,14.133333,20.945833,22.533333333333335,8
2022-08-24,10.574548666666667,11.231818,18.25,18.266666666666666,8
2022-08-25,10.656621,10.679167,15.333333,18.533333333333335,9
2022-08-26,12.595798733333334,11.120833,27.520833,20.866666666666667,5
2022-08-27,8.459335533333334,9.283333,14.15,16.333333333333332,5
2022-08-28,4.548562866666667,4.379167,7.575,7.666666666666667,1
2022-08-29,10.2897816,9.379167,21.795455,17.866666666666667,23
2022-08-30,16.105978266666668,14.245833,28.495833,28.266666666666666,5
2022-08-31,20.499862666666665,18.545833,35.720833,39.0,7
2022-09-01,17.505326066666665,16.75,27.716667,33.6,4
2022-09-02,15.581747866666667,15.541667,24.829167,29.866666666666667,6
2022-09-03,14.151304333333334,14.379167,27.054167,26.133333333333333,0
2022-09-04,10.672524266666667,9.2625,16.654167,22.866666666666667,4
2022-09-05,9.913816266666666,9.145833,14.708333,19.4,5
2022-09-06,13.564832066666668,13.195833,19.079167,25.6,7
2022-09-07,17.952234266666665,16.191667,34.920833,32.6,7
2022-09-08,17.8636474,16.870833,28.416667,32.2,7
2022-09-09,12.3651984,12.504167,18.333333,31.066666666666666,0
2022-09-10,7.634287466666667,7.6875,10.325,14.333333333333334,9
2022-09-11,5.229432466666666,5.441667,7.541667,9.466666666666667,5
2022-09-12,8.1760628,7.558333,22.679167,14.533333333333333,6
2022-09-13,9.8140544,9.220833,20.445833,18.333333333333332,6
2022-09-14,8.723010666666665,7.929167,12.541667,15.933333333333334,5
2022-09-15,9.763704533333334,8.875,15.891304,19.133333333333333,22
2022-09-16,11.720135266666666,11.329167,17.635,20.666666666666668,5
2022-09-17,8.344686133333333,8.529167,11.654167,16.533333333333335,6
2022-09-18,3.9621497999999997,3.954167,6.295833,8.266666666666667,23
2022-09-19,8.8126526,7.590909,20.470833,16.2,6
2022-09-20,8.281884,6.691667,20.883333,14.333333333333334,5
2022-09-21,9.820966199999999,9.120833,27.3125,17.733333333333334,6
2022-09-22,16.186288666666666,15.283333,37.125,27.6,6
2022-09-23,18.6408196,16.520833,36.343478,36.4,7
2022-09-24,13.828478266666668,13.104167,21.858333,26.8,6
2022-09-25,11.541425066666667,11.566667,19.9875,19.4,6
2022-09-26,17.07951693333333,13.620833,34.104167,30.133333333333333,7
2022-09-27,20.153490466666668,18.158333,35.604348,35.6,5
2022-09-28,17.777024133333335,17.3,27.775,33.2,7
2022-09-29,14.178598933333335,13.35,22.0375,26.8,6
2022-09-30,8.514523857142857,8.285416999999999,13.2875,15.285714285714286,0
2022-10-01,5.1098475,4.8875,9.208696,9.428571428571429,7
2022-10-02,4.957336928571428,4.2104165,9.454167,8.214285714285714,0
2022-10-03,12.733609857142856,10.070833499999999,28.736842,23.5,5
2022-10-04,15.573284571428571,14.725,26.116667,27.428571428571427,7
2022-10-05,12.6333075,11.9833335,21.854167,22.571428571428573,6
2022-10-06,10.491571785714285,10.404861,14.0375,18.857142857142858,10
2022-10-07,12.785875214285713,12.4854165,24.729167,23.142857142857142,10
2022-10-08,12.483281571428572,11.91875,20.054167,21.785714285714285,7
2022-10-09,8.465489142857143,7.9541664999999995,13.216667,13.071428571428571,0
2022-10-10,10.428775,10.189582999999999,16.85,18.142857142857142,18
2022-10-11,8.780577214285715,9.204167,13.9875,15.071428571428571,23
2022-10-12,10.026337428571427,8.202083,27.318182,18.571428571428573,7
2022-10-13,11.409230857142857,12.116576,19.5125,19.928571428571427,10
2022-10-14,9.757849071428572,9.842262,14.55,16.142857142857142,9
2022-10-15,6.7731360714285715,7.2041664999999995,11.794737,11.357142857142858,6
2022-10-16,8.164609285714286,7.6416664999999995,13.795833,17.142857142857142,22
2022-10-17,15.270471142857144,13.472916999999999,35.941667,25.571428571428573,7
2022-10-18,21.0689035,20.3791665,46.225,36.214285714285715,21
2022-10-19,22.405061214285716,23.752083,48.441667,39.142857142857146,21
2022-10-20,21.567818499999998,22.785417,39.008333,35.5,0
2022-10-21,11.622900071428571,11.8375,19.8,25.928571428571427,6
2022-10-22,4.469759285714286,4.35625,6.85,8.5,6
2022-10-23,6.558915571428571,6.11875,11.929167,16.642857142857142,21
2022-10-24,15.392417142857143,15.129166999999999,35.416667,28.642857142857142,21
2022-10-25,22.0576605,23.410417000000002,39.058333,33.642857142857146,21
2022-10-26,17.472643785714286,17.229166499999998,31.3625,28.285714285714285,0
2022-10-27,18.598785499999998,17.6604165,33.291667,33.07142857142857,7
2022-10-28,22.020726071428573,22.8895835,36.5875,33.5,7
2022-10-29,20.09048914285714,20.427083500000002,29.95,31.5,20
2022-10-30,19.708475714285715,20.2958335,29.95,32.42857142857143,20
2022-10-31,24.734873214285717,26.204166999999998,33.7375,37.357142857142854,21
2022-11-01,10.907686357142856,11.99375,16.579167,26.0,6
2022-11-02,7.824244857142857,7.805492500000001,20.913043,15.571428571428571,8
2022-11-03,10.085944285714286,8.591666499999999,28.179167,23.285714285714285,6
2022-11-04,18.69627014285714,19.616667,34.229167,29.142857142857142,21
2022-11-05,20.196389642857145,21.714582999999998,30.095833,28.714285714285715,20
2022-11-06,13.331314785714286,13.7966485,19.779167,23.0,0
2022-11-07,8.925168214285714,8.4729165,14.75,16.928571428571427,0
2022-11-08,7.4850802142857145,7.041667,15.270833,15.642857142857142,0
2022-11-09,12.104545428571429,11.6208335,30.045833,21.571428571428573,6
2022-11-10,18.21671835714286,19.091666500000002,33.983333,29.642857142857142,19
2022-11-11,19.826902214285717,21.34375,35.725,30.857142857142858,19
2022-11-12,18.605836,20.333333500000002,27.2875,28.785714285714285,21
2022-11-13,13.351578642857143,14.622916499999999,19.083333,24.714285714285715,20
2022-11-14,21.843478357142857,22.76875,39.366667,34.07142857142857,19
2022-11-15,21.978640071428572,24.3,42.445455,32.92857142857143,19
2022-11-16,20.995242285714284,26.08125,44.529167,34.785714285714285,18
2022-11-17,24.40856307142857,26.760416499999998,45.541667,35.92857142857143,18
2022-11-18,24.430727714285716,27.06875,32.445833,35.785714285714285,19
2022-11-19,16.040230285714284,19.454167,27.7875,29.357142857142858,18
2022-11-20,18.20947207142857,21.897917,29.358333,29.285714285714285,18
2022-11-21,25.155409,26.25625,45.304167,37.857142857142854,19
2022-11-22,26.74494042857143,28.65,45.225,38.285714285714285,19
2022-11-23,31.007621642857142,33.885416500000005,43.658333,42.42857142857143,18
2022-11-24,20.345263999999997,21.377083,33.566667,33.92857142857143,0
2022-11-25,18.907880357142858,21.43125,31.691667,29.714285714285715,20
2022-11-26,20.647826142857145,23.01875,27.3875,29.571428571428573,20
2022-11-27,19.099922357142855,20.664583,27.504167,31.357142857142858,21
2022-11-28,12.669435857142856,12.506250000000001,19.258333,23.571428571428573,0
2022-11-29,15.565411571428571,17.033333499999998,20.475,27.571428571428573,20
2022-11-30,13.9789,14.2908995,20.409524,24.5,0
2022-12-01,10.833361214285715,10.016667,16.604167,20.5,20
2022-12-02,12.9315605,13.485417,18.295833,27.357142857142858,18
2022-12-03,13.83857392857143,14.4479165,22.108333,21.214285714285715,9
2022-12-04,12.227186785714284,12.44375,19.008333,19.357142857142858,20
2022-12-05,12.917921857142858,12.5270835,30.45,24.428571428571427,20
2022-12-06,16.071164714285715,17.1208335,25.0125,25.428571428571427,19
2022-12-07,16.857146214285713,17.9291665,34.125,26.857142857142858,20
2022-12-08,18.924771357142856,18.75,36.470833,28.5,19
2022-12-09,22.043334714285717,23.020833500000002,34.616667,31.071428571428573,19
2022-12-10,14.453532714285714,15.0833335,19.995833,24.071428571428573,0
2022-12-11,5.772269642857142,5.1729164999999995,9.695833,18.642857142857142,21
2022-12-12,14.114609142857145,15.0479165,23.9875,24.5,20
2022-12-13,17.827473142857144,18.3833335,32.475,28.857142857142858,19
2022-12-14,21.124039500000002,21.43125,40.2,30.0,19
2022-12-15,25.38529457142857,25.933332999999998,43.541667,34.0,17
2022-12-16,21.47515642857143,23.6488225,36.425,30.428571428571427,18
2022-12-17,21.528030153846153,24.2125,33.025,29.76923076923077,17
2022-12-18,20.591520923076924,22.7,29.570833,30.307692307692307,19
2022-12-19,26.570741692307692,28.007143,43.479167,37.69230769230769,18
2022-12-20,27.049730461538463,27.658333,45.841667,35.23076923076923,8
2022-12-21,27.122387307692307,29.754167,45.895833,37.07692307692308,9
2022-12-22,28.058996076923076,29.270833,39.704167,39.84615384615385,17
2022-12-23,29.03915553846154,32.458333,38.0375,43.23076923076923,16
2022-12-24,22.144871692307692,23.458333,30.295833,33.07692307692308,18
2022-12-25,16.23108976923077,18.491667,25.729167,27.076923076923077,18
2022-12-26,21.84166669230769,23.595833,32.725,33.15384615384615,18
2022-12-27,23.15288453846154,25.908333,30.720833,35.30769230769231,8
2022-12-28,12.733653923076922,13.116667,17.204167,20.923076923076923,6
2022-12-29,13.30993576923077,13.383333,21.058333,21.076923076923077,1
2022-12-30,12.136596769230769,10.954167,21.6,20.615384615384617,18
2022-12-31,4.813141076923078,4.529167,7.841667,8.615384615384615,0
