date_local,CO_mean_ppm,CO_median_ppm,CO_max_ppm,AQI_mean
2020-01-01,0.41740884615384616,0.410526,0.657895,7.384615384615385
2020-01-02,0.45865384615384613,0.466667,0.7375,7.846153846153846
2020-01-03,0.6108974615384615,0.595833,1.333333,10.153846153846153
2020-01-04,0.7525641538461538,0.716667,1.758333,12.76923076923077
2020-01-05,0.616987076923077,0.558333,1.341667,10.923076923076923
2020-01-06,0.49711546153846153,0.4625,1.216667,7.6923076923076925
2020-01-07,0.4282050769230769,0.475,0.708333,7.846153846153846
2020-01-08,0.4913461538461539,0.483333,0.7375,8.923076923076923
2020-01-09,0.3941666923076923,0.379167,0.6875,6.6923076923076925
2020-01-10,0.5012631538461538,0.458333,0.945833,8.23076923076923
2020-01-11,0.5919871538461539,0.625,1.170833,10.307692307692308
2020-01-12,0.43974361538461537,0.479167,0.8375,7.461538461538462
2020-01-13,0.49585238461538467,0.541667,0.779167,8.153846153846153
2020-01-14,0.5794870769230769,0.558333,1.079167,9.23076923076923
2020-01-15,0.6253204615384615,0.575,1.204167,9.692307692307692
2020-01-16,0.5894229230769231,0.616667,0.870833,10.923076923076923
2020-01-17,0.2990762307692308,0.279167,0.475,5.923076923076923
2020-01-18,0.4307880769230769,0.429412,0.716667,7.230769230769231
2020-01-19,0.4166666923076923,0.420833,0.691667,8.153846153846153
2020-01-20,0.611858923076923,0.641667,0.858333,9.846153846153847
2020-01-21,0.30206046153846156,0.320833,0.458333,5.0
2020-01-22,0.40801276923076923,0.408333,0.620833,6.846153846153846
2020-01-23,0.5407219230769231,0.533333,0.858333,8.307692307692308
2020-01-24,0.6092947692307692,0.583333,1.154167,9.846153846153847
2020-01-25,0.5753204615384615,0.6125,0.925,8.76923076923077
2020-01-26,0.401282,0.4125,0.508333,6.461538461538462
2020-01-27,0.45352561538461533,0.429167,0.745833,6.769230769230769
2020-01-28,0.4395807692307692,0.375,0.7875,6.923076923076923
2020-01-29,0.40267366666666665,0.4333335,0.7375,6.166666666666667
2020-01-30,0.4581837692307692,0.366667,0.908333,7.384615384615385
2020-01-31,0.5937499230769231,0.5625,1.270833,9.76923076923077
2020-02-01,0.5137820769230769,0.470833,1.175,9.076923076923077
2020-02-02,0.5263461538461539,0.504167,1.1875,9.538461538461538
2020-02-03,0.1951389166666667,0.2,0.325,3.0833333333333335
2020-02-04,0.33948533333333336,0.2625,0.64,5.916666666666667
2020-02-05,0.4432799166666667,0.375,0.820833,7.25
2020-02-06,0.5600695833333333,0.5333335,0.941667,8.833333333333334
2020-02-07,0.6302083333333334,0.58125,1.0375,9.916666666666666
2020-02-08,0.62222225,0.5979165,0.866667,10.333333333333334
2020-02-09,0.281599,0.279167,0.404167,5.0
2020-02-10,0.28942315384615386,0.216667,0.554167,4.615384615384615
2020-02-11,0.37214453846153844,0.354545,0.670833,6.230769230769231
2020-02-12,0.45729175,0.46458299999999997,0.666667,7.333333333333333
2020-02-13,0.5050321538461539,0.525,0.654167,7.846153846153846
2020-02-14,0.5379807692307692,0.533333,0.745833,8.692307692307692
2020-02-15,0.5487179230769231,0.566667,0.779167,9.076923076923077
2020-02-16,0.49198707692307697,0.5375,0.675,7.846153846153846
2020-02-17,0.5115384615384616,0.516667,0.691667,8.076923076923077
2020-02-18,0.4847223076923077,0.475,0.905556,7.461538461538462
2020-02-19,0.3673077692307692,0.379167,0.475,5.615384615384615
2020-02-20,0.49391015384615383,0.5375,0.720833,7.923076923076923
2020-02-21,0.46041653846153846,0.470833,0.741667,8.0
2020-02-22,0.20961538461538462,0.208333,0.320833,2.8461538461538463
2020-02-23,0.27307692307692305,0.270833,0.454167,3.923076923076923
2020-02-24,0.4440933846153846,0.445833,0.6875,7.153846153846154
2020-02-25,0.4967948461538461,0.5125,0.8875,7.615384615384615
2020-02-26,0.4612181538461539,0.466667,0.779167,7.461538461538462
2020-02-27,0.45576907692307694,0.433333,0.720833,7.384615384615385
2020-02-28,0.42596138461538463,0.4125,0.633333,7.384615384615385
2020-02-29,0.35673076923076924,0.325,0.504167,6.076923076923077
2020-03-01,0.20288461538461539,0.2,0.333333,2.6923076923076925
2020-03-02,0.26025653846153846,0.25,0.4375,4.230769230769231
2020-03-03,0.30833338461538456,0.279167,0.533333,5.230769230769231
2020-03-04,0.42176584615384616,0.4,0.645455,6.769230769230769
2020-03-05,0.40673076923076923,0.441667,0.541667,6.076923076923077
2020-03-06,0.4304486153846154,0.458333,0.591667,6.923076923076923
2020-03-07,0.18910246153846152,0.2,0.320833,2.4615384615384617
2020-03-08,0.21442315384615387,0.2,0.379167,2.923076923076923
2020-03-09,0.30865384615384617,0.3375,0.4375,5.0
2020-03-10,0.2076923846153846,0.2,0.3,2.3076923076923075
2020-03-11,0.21549138461538464,0.222222,0.345833,3.3076923076923075
2020-03-12,0.3856685384615384,0.341667,0.595833,6.153846153846154
2020-03-13,0.2592948461538462,0.254167,0.4,3.6153846153846154
2020-03-14,0.24006415384615384,0.229167,0.375,3.3076923076923075
2020-03-15,0.21130953846153847,0.2,0.329167,3.076923076923077
2020-03-16,0.26955115384615386,0.279167,0.383333,4.461538461538462
2020-03-17,0.2743343076923077,0.266667,0.4375,4.384615384615385
2020-03-18,0.3313462307692308,0.286667,0.529167,4.923076923076923
2020-03-19,0.25017358333333334,0.2552085,0.4375,4.25
2020-03-20,0.22310976923076925,0.216667,0.35,3.0
2020-03-21,0.23782046153846154,0.220833,0.416667,3.230769230769231
2020-03-22,0.24340275,0.233333,0.375,4.083333333333333
2020-03-23,0.17916675,0.1833335,0.329167,2.5
2020-03-24,0.238368,0.2333335,0.3875,3.9166666666666665
2020-03-25,0.18437516666666667,0.166667,0.325,2.5833333333333335
2020-03-26,0.20694441666666666,0.2041665,0.3375,3.0
2020-03-27,0.21848284615384614,0.2,0.3875,3.230769230769231
2020-03-28,0.23012815384615384,0.204167,0.370833,3.1538461538461537
2020-03-29,0.24647438461538462,0.229167,0.3875,4.0
2020-03-30,0.26634623076923075,0.270833,0.416667,4.230769230769231
2020-03-31,0.3490535384615384,0.3625,0.516667,5.615384615384615
2020-04-01,0.2740385384615385,0.2875,0.395833,4.153846153846154
2020-04-02,0.18429484615384617,0.2,0.3,2.230769230769231
2020-04-03,0.22884607692307693,0.233333,0.3125,3.4615384615384617
2020-04-04,0.21858992307692307,0.204167,0.354167,2.8461538461538463
2020-04-05,0.14647430769230768,0.120833,0.3,1.8461538461538463
2020-04-06,0.15833330769230772,0.15,0.316667,2.076923076923077
2020-04-07,0.20448715384615385,0.2,0.354167,2.5384615384615383
2020-04-08,0.191521,0.179167,0.345833,2.6153846153846154
2020-04-09,0.19270833333333334,0.189583,0.304167,2.3333333333333335
2020-04-10,0.21215266666666666,0.214583,0.3125,3.75
2020-04-11,0.27708333333333335,0.2729165,0.4,4.833333333333333
2020-04-12,0.175641,0.2,0.3,1.9230769230769231
2020-04-13,0.19391023076923078,0.2,0.3,2.4615384615384617
2020-04-14,0.2791667692307692,0.279167,0.445833,4.230769230769231
2020-04-15,0.29423069230769233,0.258333,0.45,4.538461538461538
2020-04-16,0.2625,0.245833,0.416667,4.230769230769231
2020-04-17,0.19500900000000002,0.2,0.325,2.4615384615384617
2020-04-18,0.17032053846153847,0.2,0.3,1.9230769230769231
2020-04-19,0.17532046153846154,0.2,0.3,1.8461538461538463
2020-04-20,0.19262815384615387,0.2,0.3,2.230769230769231
2020-04-21,0.20096153846153844,0.208333,0.304167,2.6153846153846154
2020-04-22,0.2852563846153846,0.304167,0.433333,4.6923076923076925
2020-04-23,0.26282053846153847,0.233333,0.433333,3.6923076923076925
2020-04-24,0.29358984615384615,0.3125,0.4375,4.538461538461538
2020-04-25,0.2717949230769231,0.2625,0.425,3.5384615384615383
2020-04-26,0.2958334615384616,0.316667,0.420833,4.461538461538462
2020-04-27,0.27307692307692305,0.308333,0.383333,3.769230769230769
2020-04-28,0.29711808333333334,0.3375,0.413333,4.416666666666667
2020-04-29,0.2694444166666667,0.29375,0.354167,3.5
2020-04-30,0.24427091666666667,0.2614585,0.4,3.0833333333333335
2020-05-01,0.2251021666666667,0.23811300000000002,0.358333,2.9166666666666665
2020-05-02,0.21840283333333332,0.225,0.329167,2.9166666666666665
2020-05-03,0.19886372727272728,0.2,0.341667,2.6363636363636362
2020-05-04,0.25906433333333334,0.26249999999999996,0.35,3.5833333333333335
2020-05-05,0.31136363636363634,0.329167,0.45,5.181818181818182
2020-05-06,0.32348472727272726,0.320833,0.475,5.0
2020-05-07,0.35224783333333337,0.35,0.589474,5.583333333333333
2020-05-08,0.3201922307692308,0.320833,0.5,4.769230769230769
2020-05-09,0.2532050769230769,0.258333,0.4375,3.076923076923077
2020-05-10,0.21634615384615385,0.2,0.408333,2.5384615384615383
2020-05-11,0.19326923076923078,0.2,0.4,2.230769230769231
2020-05-12,0.1987066923076923,0.183333,0.420833,2.4615384615384617
2020-05-13,0.19066738461538463,0.2,0.308333,2.4615384615384617
2020-05-14,0.20281176923076924,0.2,0.270833,2.6923076923076925
2020-05-15,0.19049146153846155,0.208333,0.255556,2.3846153846153846
2020-05-16,0.24166646153846155,0.245833,0.325,3.6153846153846154
2020-05-17,0.19326930769230768,0.2,0.266667,2.769230769230769
2020-05-18,0.14423076923076922,0.133333,0.2,1.5384615384615385
2020-05-19,0.15651707692307693,0.172222,0.2,1.8461538461538463
2020-05-20,0.18287453846153845,0.2,0.235294,2.3076923076923075
2020-05-21,0.2460016153846154,0.245833,0.35625,3.8461538461538463
2020-05-22,0.2009290769230769,0.216667,0.276471,2.3846153846153846
2020-05-23,0.15801276923076923,0.175,0.208333,1.9230769230769231
2020-05-24,0.2173076923076923,0.220833,0.3125,3.230769230769231
2020-05-25,0.24423076923076922,0.254167,0.358333,3.0
2020-05-26,0.2736306153846154,0.2875,0.416667,3.923076923076923
2020-05-27,0.253579,0.2625,0.3625,3.4615384615384617
2020-05-28,0.21153846153846154,0.229167,0.3125,2.6923076923076925
2020-05-29,0.1777777692307692,0.2,0.233333,2.0
2020-05-30,0.13901518181818182,0.141667,0.2,1.5454545454545454
2020-05-31,0.16325763636363635,0.2,0.241667,2.0
2020-06-01,0.2133839090909091,0.220833,0.316667,3.272727272727273
2020-06-02,0.22378474999999998,0.2375,0.3,3.0833333333333335
2020-06-03,0.24722225,0.2625,0.333333,3.8333333333333335
2020-06-04,0.18353723076923079,0.2,0.233333,2.076923076923077
2020-06-05,0.14326915384615385,0.108333,0.2,1.5384615384615385
2020-06-06,0.13365384615384615,0.108333,0.2,1.6923076923076923
2020-06-07,0.16506423076923077,0.183333,0.229167,2.076923076923077
2020-06-08,0.15972225,0.16875,0.2875,2.5833333333333335
2020-06-09,0.2136966923076923,0.2,0.366667,3.4615384615384617
2020-06-10,0.29076176923076924,0.266667,0.516667,4.6923076923076925
2020-06-11,0.2876131538461539,0.295833,0.395833,4.769230769230769
2020-06-12,0.18846153846153849,0.2,0.245833,2.1538461538461537
2020-06-13,0.175,0.2,0.254167,2.230769230769231
2020-06-14,0.1759616153846154,0.2,0.2375,2.3076923076923075
2020-06-15,0.20801269230769232,0.229167,0.258333,3.0
2020-06-16,0.15641023076923075,0.158333,0.208333,1.8461538461538463
2020-06-17,0.15705123076923078,0.170833,0.2,1.7692307692307692
2020-06-18,0.17211538461538464,0.170833,0.2375,2.076923076923077
2020-06-19,0.17760416666666667,0.2,0.225,2.25
2020-06-20,0.16874999999999998,0.1770835,0.25,1.9166666666666667
2020-06-21,0.17465275,0.19166650000000002,0.25,1.9166666666666667
2020-06-22,0.2045138333333333,0.22291650000000002,0.3,2.5
2020-06-23,0.21076383333333334,0.225,0.3,2.5
2020-06-24,0.19861091666666666,0.208333,0.295833,2.5
2020-06-25,0.17569441666666666,0.18958350000000002,0.2625,2.0
2020-06-26,0.18854158333333335,0.2,0.270833,2.25
2020-06-27,0.18888891666666666,0.19166650000000002,0.275,2.1666666666666665
2020-06-28,0.121875,0.11458299999999999,0.175,1.5833333333333333
2020-06-29,0.11249991666666669,0.1041665,0.1625,1.5
2020-06-30,0.16562508333333334,0.179167,0.241667,2.0833333333333335
2020-07-01,0.16282046153846153,0.166667,0.2,1.8461538461538463
2020-07-02,0.16474361538461538,0.170833,0.245833,2.0
2020-07-03,0.21794861538461538,0.220833,0.333333,3.3846153846153846
2020-07-04,0.2323716923076923,0.245833,0.3625,3.3076923076923075
2020-07-05,0.25961538461538464,0.3,0.375,4.3076923076923075
2020-07-06,0.2772436153846154,0.2875,0.433333,4.461538461538462
2020-07-07,0.21794876923076922,0.25,0.3,2.8461538461538463
2020-07-08,0.19049138461538462,0.204167,0.279167,2.3846153846153846
2020-07-09,0.20320515384615384,0.225,0.275,2.6153846153846154
2020-07-10,0.250641,0.254167,0.366667,3.3846153846153846
2020-07-11,0.261218,0.283333,0.425,4.0
2020-07-12,0.21527758333333333,0.239583,0.345833,2.6666666666666665
2020-07-13,0.19027775,0.2,0.341667,2.4166666666666665
2020-07-14,0.16180558333333334,0.2,0.216667,1.75
2020-07-15,0.17083325000000002,0.2,0.245833,1.8333333333333333
2020-07-16,0.18749991666666666,0.2,0.279167,2.25
2020-07-17,0.18923608333333333,0.208333,0.279167,2.5
2020-07-18,0.19166675,0.2,0.3,2.1666666666666665
2020-07-19,0.18298608333333333,0.2,0.295833,2.1666666666666665
2020-07-20,0.18993058333333335,0.2,0.295833,2.25
2020-07-21,0.20349275,0.2104165,0.3,2.5833333333333335
2020-07-22,0.17708325,0.2,0.266667,2.0833333333333335
2020-07-23,0.16284716666666668,0.1958335,0.245833,1.8333333333333333
2020-07-24,0.17708333333333334,0.2,0.25,2.0833333333333335
2020-07-25,0.18958333333333333,0.2,0.3,2.1666666666666665
2020-07-26,0.20590275,0.220833,0.354167,2.75
2020-07-27,0.21041666666666667,0.2375,0.325,2.6666666666666665
2020-07-28,0.214236,0.2291665,0.345833,3.0
2020-07-29,0.21527775000000002,0.23125,0.354167,3.0
2020-07-30,0.24513883333333333,0.26875,0.4,3.5833333333333335
2020-07-31,0.29923608333333335,0.3041665,0.579167,5.0
2020-08-01,0.2739584166666667,0.3020835,0.4,4.416666666666667
2020-08-02,0.22575763636363638,0.2625,0.316667,3.4545454545454546
2020-08-03,0.221212,0.2375,0.308333,3.090909090909091
2020-08-04,0.18863645454545452,0.2,0.3125,2.4545454545454546
2020-08-05,0.16325763636363638,0.191667,0.241667,1.8181818181818181
2020-08-06,0.14687508333333335,0.15208349999999998,0.208333,1.8333333333333333
2020-08-07,0.19652775,0.2020835,0.3,2.4166666666666665
2020-08-08,0.2300100769230769,0.233333,0.379167,3.4615384615384617
2020-08-09,0.1987179230769231,0.2,0.320833,2.3846153846153846
2020-08-10,0.21698723076923077,0.225,0.3375,3.0
2020-08-11,0.22863253846153847,0.266667,0.372222,3.6923076923076925
2020-08-12,0.2964743846153846,0.279167,0.504167,5.0
2020-08-13,0.288141,0.279167,0.425,4.923076923076923
2020-08-14,0.3483974615384616,0.320833,0.554167,6.3076923076923075
2020-08-15,0.33680550000000004,0.3375,0.6,5.416666666666667
2020-08-16,0.25663375,0.241886,0.591667,3.6666666666666665
2020-08-17,0.31284724999999997,0.3,0.475,5.083333333333333
2020-08-18,0.34479166666666666,0.3520835,0.529167,5.666666666666667
2020-08-19,0.33293991666666667,0.32958350000000003,0.5125,5.5
2020-08-20,0.32287446153846155,0.341667,0.4875,5.384615384615385
2020-08-21,0.35288469230769226,0.3375,0.641667,5.615384615384615
2020-08-22,0.33715283333333335,0.33541699999999997,0.466667,5.333333333333333
2020-08-23,0.23402783333333332,0.23125,0.404167,3.0833333333333335
2020-08-24,0.23817391666666665,0.25416649999999996,0.329167,3.1666666666666665
2020-08-25,0.275926,0.29374999999999996,0.454167,4.416666666666667
2020-08-26,0.26705475,0.279412,0.520833,4.083333333333333
2020-08-27,0.331148,0.359804,0.491667,5.25
2020-08-28,0.2821969090909091,0.325,0.4625,4.545454545454546
2020-08-29,0.20113636363636364,0.233333,0.35,2.727272727272727
2020-08-30,0.17537872727272727,0.2,0.3,1.9090909090909092
2020-08-31,0.2015152727272727,0.229167,0.2875,2.6363636363636362
2020-09-01,0.180303,0.2,0.2875,2.4545454545454546
2020-09-02,0.2178031818181818,0.241667,0.354167,2.909090909090909
2020-09-03,0.2922459090909091,0.291667,0.483333,4.454545454545454
2020-09-04,0.4005681818181818,0.404167,0.670833,6.181818181818182
2020-09-05,0.43712136363636367,0.4375,0.791667,6.818181818181818
2020-09-06,0.44886354545454543,0.4125,0.795833,8.181818181818182
2020-09-07,0.3621211818181818,0.3625,0.516667,6.0
2020-09-08,0.23437491666666666,0.21666649999999998,0.35,3.3333333333333335
2020-09-09,0.33998833333333334,0.360417,0.611111,5.666666666666667
2020-09-10,0.6059739166666667,0.6513884999999999,0.975,10.083333333333334
2020-09-11,0.8793793333333334,0.9312499999999999,1.415789,13.416666666666666
2020-09-12,0.9454860833333334,1.0729165,1.366667,14.166666666666666
2020-09-13,0.8273954615384616,0.854167,1.1375,11.846153846153847
2020-09-14,0.9410256923076923,0.945833,1.279167,14.0
2020-09-15,0.8874999230769232,0.891667,1.270833,13.076923076923077
2020-09-16,0.7831196153846154,0.916667,1.083333,13.384615384615385
2020-09-17,0.574787,0.60625,0.8,9.833333333333334
2020-09-18,0.5369211666666667,0.5916665,0.845833,8.75
2020-09-19,0.44548608333333334,0.4916665,0.683333,6.833333333333333
2020-09-20,0.42465274999999997,0.4375,0.5875,6.75
2020-09-21,0.36493058333333334,0.38958349999999997,0.441667,5.166666666666667
2020-09-22,0.36666658333333335,0.40208350000000004,0.479167,5.5
2020-09-23,0.4276619166666667,0.4305555,0.625,6.583333333333333
2020-09-24,0.4817131666666667,0.5208335,0.641667,7.583333333333333
2020-09-25,0.39166675,0.42500000000000004,0.575,5.916666666666667
2020-09-26,0.34756950000000003,0.372917,0.454167,4.916666666666667
2020-09-27,0.29722208333333333,0.320833,0.408333,4.333333333333333
2020-09-28,0.34375,0.38125,0.479167,5.5
2020-09-29,0.3743055833333333,0.4,0.570833,6.0
2020-09-30,0.47256950000000003,0.48750000000000004,0.804167,8.0
2020-10-01,0.53761575,0.5375000000000001,0.825,8.916666666666666
2020-10-02,0.5373843333333334,0.578472,0.741667,7.916666666666667
2020-10-03,0.6006945,0.614583,0.7875,8.833333333333334
2020-10-04,0.60659725,0.6458335,0.820833,8.416666666666666
2020-10-05,0.6469565833333334,0.6770835,0.983333,9.333333333333334
2020-10-06,0.6130208333333333,0.671875,0.875,9.0
2020-10-07,0.4974265,0.51875,0.720833,7.5
2020-10-08,0.29159725,0.30625,0.353333,4.166666666666667
2020-10-09,0.289808,0.316667,0.358333,4.083333333333333
2020-10-10,0.24930558333333333,0.283333,0.325,2.8333333333333335
2020-10-11,0.28958316666666667,0.320833,0.425,5.0
2020-10-12,0.4027776666666667,0.43333299999999997,0.608333,6.416666666666667
2020-10-13,0.48469891666666665,0.511111,0.85,7.916666666666667
2020-10-14,0.5437500833333334,0.5458335000000001,1.0375,9.083333333333334
2020-10-15,0.5422454166666667,0.6138889999999999,0.775,8.083333333333334
2020-10-16,0.5274305,0.5791665,0.841667,8.25
2020-10-17,0.48368066666666665,0.5333330000000001,0.75,8.166666666666666
2020-10-18,0.38958325,0.4354165,0.570833,5.666666666666667
2020-10-19,0.3260416666666667,0.36875,0.479167,4.75
2020-10-20,0.32916675,0.358333,0.458333,4.833333333333333
2020-10-21,0.35431641666666663,0.375,0.441667,5.166666666666667
2020-10-22,0.27465275,0.28541700000000003,0.3625,4.0
2020-10-23,0.28020833333333334,0.295833,0.325,4.083333333333333
2020-10-24,0.2208335,0.2083335,0.3,3.1666666666666665
2020-10-25,0.17465275,0.18125000000000002,0.241667,2.5833333333333335
2020-10-26,0.29444458333333334,0.25625,0.616667,5.75
2020-10-27,0.5382576363636363,0.5125,1.083333,8.818181818181818
2020-10-28,0.5218751666666667,0.49583350000000004,0.816667,8.083333333333334
2020-10-29,0.5892361666666667,0.5854165,1.1,9.333333333333334
2020-10-30,0.6596645,0.691667,1.075,11.0
2020-10-31,0.6309026666666667,0.620833,1.095833,10.083333333333334
2020-11-01,0.6204860833333333,0.6270830000000001,0.904167,10.333333333333334
2020-11-02,0.5701388333333334,0.5875,0.870833,9.25
2020-11-03,0.5354134166666666,0.5344365,0.745833,7.416666666666667
2020-11-04,0.6206018333333333,0.652778,1.0375,9.5
2020-11-05,0.614789,0.585,1.254167,11.0
2020-11-06,0.46931818181818186,0.495833,0.775,10.636363636363637
2020-11-07,0.176894,0.191667,0.225,2.909090909090909
2020-11-08,0.24772727272727274,0.229167,0.370833,4.090909090909091
2020-11-09,0.29847225,0.291667,0.4,5.166666666666667
2020-11-10,0.415892,0.4125,0.716667,7.0
2020-11-11,0.5482639166666666,0.552083,0.916667,8.666666666666666
2020-11-12,0.60410525,0.583333,1.008333,9.75
2020-11-13,0.6045996666666666,0.5729165,1.05,9.166666666666666
2020-11-14,0.5406335454545454,0.6,0.695833,9.636363636363637
2020-11-15,0.5542945,0.5458335,1.3375,10.583333333333334
2020-11-16,0.4535256923076923,0.475,0.791667,8.923076923076923
2020-11-17,0.6066868461538462,0.579167,1.116667,10.307692307692308
2020-11-18,0.4256410769230769,0.391667,0.720833,7.615384615384615
2020-11-19,0.3923610833333333,0.4,0.583333,6.75
2020-11-20,0.6087212307692307,0.633333,0.908333,9.76923076923077
2020-11-21,0.688140923076923,0.695833,1.245833,11.76923076923077
2020-11-22,0.6782051538461539,0.6375,1.383333,11.307692307692308
2020-11-23,0.5246528333333333,0.5333335,0.754167,9.083333333333334
2020-11-24,0.49622150000000004,0.527083,0.654167,7.916666666666667
2020-11-25,0.6069444166666667,0.6229169999999999,0.979167,9.75
2020-11-26,0.44409725,0.4375,0.741667,8.083333333333334
2020-11-27,0.4468749166666666,0.3833335,1.070833,7.833333333333333
2020-11-28,0.4996528333333334,0.5208335,0.9125,9.083333333333334
2020-11-29,0.5343749999999999,0.5625,1.029167,10.166666666666666
2020-11-30,0.5870783846153846,0.616667,1.341667,9.384615384615385
2020-12-01,0.6372221538461538,0.654167,1.533333,10.615384615384615
2020-12-02,0.7209615384615385,0.604167,1.579167,11.307692307692308
2020-12-03,0.6270831666666666,0.4916665,1.708333,10.916666666666666
2020-12-04,0.5503470833333334,0.5604165,1.283333,10.333333333333334
2020-12-05,0.7843749999999999,0.71875,1.670833,12.666666666666666
2020-12-06,0.7212120909090909,0.679167,1.458333,12.909090909090908
2020-12-07,0.7817981666666666,0.6916665,1.875,12.416666666666666
2020-12-08,0.5031249999999999,0.4020835,1.475,9.166666666666666
2020-12-09,0.5406862499999999,0.5583335,1.154167,9.0
2020-12-10,0.47708336363636367,0.504167,0.654167,7.909090909090909
2020-12-11,0.4542929090909091,0.404167,1.008333,7.454545454545454
2020-12-12,0.5178030909090908,0.491667,1.066667,9.363636363636363
2020-12-13,0.41704536363636363,0.3875,0.758333,8.090909090909092
2020-12-14,0.36034358333333333,0.35625,0.55,6.166666666666667
2020-12-15,0.4309258333333333,0.45416650000000003,0.85,7.166666666666667
2020-12-16,0.5876736666666666,0.577083,1.166667,9.5
2020-12-17,0.6661363636363636,0.629167,1.2875,11.909090909090908
2020-12-18,0.4454861666666667,0.38749999999999996,0.8625,8.0
2020-12-19,0.5399305833333333,0.47291700000000003,1.433333,10.25
2020-12-20,0.5413194166666667,0.5333335,1.125,9.833333333333334
2020-12-21,0.6040148461538462,0.610526,1.3875,10.692307692307692
2020-12-22,0.688141,0.670833,1.15,11.076923076923077
2020-12-23,0.5667361666666667,0.565,0.7875,9.5
2020-12-24,0.371412,0.35625,0.7375,6.833333333333333
2020-12-25,0.37133930769230766,0.320833,0.608333,7.384615384615385
2020-12-26,0.5471151538461538,0.520833,1.370833,9.538461538461538
2020-12-27,0.39070507692307693,0.4,0.466667,6.538461538461538
2020-12-28,0.229514,0.222917,0.3625,3.5
2020-12-29,0.36474361538461536,0.333333,0.616667,7.0
2020-12-30,0.5080128461538461,0.445833,1.354167,8.307692307692308
2020-12-31,0.5696969090909091,0.458333,1.425,10.0
2021-01-01,0.4543858333333333,0.363158,1.510526,9.416666666666666
2021-01-02,0.4965924615384615,0.495833,0.891667,8.76923076923077
2021-01-03,0.48012807692307696,0.445833,0.770833,8.076923076923077
2021-01-04,0.5583333846153846,0.5375,0.858333,8.923076923076923
2021-01-05,0.5458334615384616,0.554167,0.791667,8.846153846153847
2021-01-06,0.7150733333333333,0.6791665,1.383333,11.666666666666666
2021-01-07,0.7126923846153846,0.779167,1.1,10.76923076923077
2021-01-08,0.6868055833333333,0.69375,1.033333,11.583333333333334
2021-01-09,0.5105768461538461,0.3875,1.1125,8.461538461538462
2021-01-10,0.4121794615384615,0.383333,1.0,8.307692307692308
2021-01-11,0.5089743846153847,0.466667,0.958333,7.615384615384615
2021-01-12,0.530128,0.533333,0.975,8.461538461538462
2021-01-13,0.6419871538461539,0.595833,1.329167,10.076923076923077
2021-01-14,0.6354165833333333,0.6354165,1.583333,10.5
2021-01-15,0.6218750833333333,0.51875,1.916667,10.666666666666666
2021-01-16,0.6086805000000001,0.4895835,1.9,10.5
2021-01-17,0.5371526666666667,0.495833,1.433333,10.333333333333334
2021-01-18,0.5378471666666667,0.5583335,0.941667,8.916666666666666
2021-01-19,0.24652774999999996,0.2395835,0.358333,4.416666666666667
2021-01-20,0.2840278333333333,0.24375,0.595833,4.416666666666667
2021-01-21,0.3656249166666667,0.3375,0.65,6.083333333333333
2021-01-22,0.34027783333333333,0.3708335,0.429167,6.25
2021-01-23,0.2587120909090909,0.258333,0.320833,3.909090909090909
2021-01-24,0.33143927272727275,0.320833,0.608333,5.818181818181818
2021-01-25,0.2121212727272727,0.2125,0.3,3.090909090909091
2021-01-26,0.32727290909090906,0.291667,0.533333,5.090909090909091
2021-01-27,0.29869266666666666,0.3150735,0.425,4.583333333333333
2021-01-28,0.3704861666666667,0.3791665,0.516667,6.666666666666667
2021-01-29,0.2538195833333334,0.26666650000000003,0.3625,5.5
2021-01-30,0.42013875,0.44166649999999996,0.65,7.166666666666667
2021-01-31,0.4118055,0.44583300000000003,0.5875,7.25
2021-02-01,0.46319441666666666,0.48125000000000007,0.6625,7.333333333333333
2021-02-02,0.4805555833333333,0.4729165,0.8125,7.5
2021-02-03,0.4652779166666667,0.47291649999999996,0.655556,7.416666666666667
2021-02-04,0.3368055833333334,0.34375,0.4875,5.5
2021-02-05,0.4958253076923077,0.5375,0.695833,7.615384615384615
2021-02-06,0.6182692307692308,0.5875,1.254167,9.846153846153847
2021-02-07,0.5961804166666667,0.6333329999999999,0.808333,10.583333333333334
2021-02-08,0.4270835,0.43333299999999997,0.616667,6.5
2021-02-09,0.28159724999999997,0.26666650000000003,0.479167,3.4166666666666665
2021-02-10,0.35897438461538467,0.354167,0.483333,5.615384615384615
2021-02-11,0.5057693076923078,0.5,0.875,8.076923076923077
2021-02-12,0.2714743076923077,0.25,0.483333,4.384615384615385
2021-02-13,0.33295454545454545,0.325,0.516667,5.636363636363637
2021-02-14,0.239394,0.2,0.454167,2.8181818181818183
2021-02-15,0.36439399999999994,0.35,0.525,5.909090909090909
2021-02-16,0.26962353846153847,0.25,0.4,4.384615384615385
2021-02-17,0.3096154615384616,0.275,0.65,4.3076923076923075
2021-02-18,0.37441553846153847,0.329167,0.775,6.076923076923077
2021-02-19,0.5018731666666666,0.5270835,0.783333,8.0
2021-02-20,0.4614585,0.44166700000000003,0.725,8.75
2021-02-21,0.3621526666666666,0.32916650000000003,0.758333,6.0
2021-02-22,0.42847216666666665,0.46458350000000004,0.833333,6.75
2021-02-23,0.45134375,0.4395835,0.766667,7.0
2021-02-24,0.46718733333333334,0.5197915,0.645833,7.333333333333333
2021-02-25,0.34810500000000005,0.3716665,0.466667,5.666666666666667
2021-02-26,0.44189133333333336,0.395098,0.854167,7.333333333333333
2021-02-27,0.39201383333333334,0.3729165,0.595833,7.166666666666667
2021-02-28,0.346875,0.36250000000000004,0.608333,5.75
2021-03-01,0.36006933333333335,0.3666665,0.5,5.833333333333333
2021-03-02,0.4368055,0.41875,0.870833,7.333333333333333
2021-03-03,0.3983795833333333,0.40625,0.5375,6.75
2021-03-04,0.39722216666666665,0.3979165,0.6125,6.666666666666667
2021-03-05,0.4597220833333333,0.45208349999999997,0.670833,7.75
2021-03-06,0.36875016666666666,0.36875,0.4875,6.0
2021-03-07,0.27048625,0.241667,0.4875,3.8333333333333335
2021-03-08,0.23301276923076925,0.2125,0.483333,3.3076923076923075
2021-03-09,0.323718,0.316667,0.4375,5.538461538461538
2021-03-10,0.2419873076923077,0.2125,0.4,3.1538461538461537
2021-03-11,0.26863425,0.2520835,0.416667,4.0
2021-03-12,0.3621528333333333,0.34375,0.525,5.75
2021-03-13,0.3548611666666666,0.35625,0.541667,5.666666666666667
2021-03-14,0.2652776666666667,0.25,0.4625,4.083333333333333
2021-03-15,0.22222224999999998,0.2,0.416667,2.8333333333333335
2021-03-16,0.27604158333333334,0.26249999999999996,0.425,4.333333333333333
2021-03-17,0.4138685,0.4104165,0.604167,6.916666666666667
2021-03-18,0.39965266666666666,0.4104165,0.558333,6.5
2021-03-19,0.39941053846153846,0.429167,0.558333,6.846153846153846
2021-03-20,0.22051284615384617,0.229167,0.404167,3.1538461538461537
2021-03-21,0.28993050000000004,0.29375,0.433333,4.583333333333333
2021-03-22,0.32013874999999997,0.30833299999999997,0.4375,5.333333333333333
2021-03-23,0.2442235,0.24375,0.4,3.5
2021-03-24,0.25871218181818184,0.2375,0.4,3.8181818181818183
2021-03-25,0.22828833333333334,0.20625,0.429167,2.9166666666666665
2021-03-26,0.25381933333333334,0.245833,0.404167,3.8333333333333335
2021-03-27,0.3847221666666667,0.3875,0.504167,6.166666666666667
2021-03-28,0.4100694166666667,0.43125,0.666667,7.333333333333333
2021-03-29,0.4031250833333333,0.4,0.55,6.666666666666667
2021-03-30,0.27606216666666666,0.291667,0.429412,4.083333333333333
2021-03-31,0.38541675000000003,0.385417,0.5625,6.5
2021-04-01,0.37939799999999996,0.37083299999999997,0.520833,6.083333333333333
2021-04-02,0.3670138333333333,0.38125,0.579167,6.166666666666667
2021-04-03,0.3482638333333334,0.36875,0.5,4.916666666666667
2021-04-04,0.3861110833333334,0.40208350000000004,0.479167,6.166666666666667
2021-04-05,0.29340275,0.29375,0.4,4.75
2021-04-06,0.27013883333333333,0.25625,0.445833,3.5833333333333335
2021-04-07,0.3640460769230769,0.383333,0.445833,5.923076923076923
2021-04-08,0.3341788461538462,0.3375,0.4,5.461538461538462
2021-04-09,0.323077,0.316667,0.425,5.076923076923077
2021-04-10,0.32499991666666667,0.3458335,0.4,5.166666666666667
2021-04-11,0.2736,0.291667,0.408333,3.4615384615384617
2021-04-12,0.23301284615384615,0.229167,0.466667,2.923076923076923
2021-04-13,0.21646241666666666,0.2,0.5,2.5
2021-04-14,0.20532399999999998,0.2,0.408333,2.5833333333333335
2021-04-15,0.28829666666666665,0.275,0.4,4.583333333333333
2021-04-16,0.30339208333333334,0.291667,0.4625,4.666666666666667
2021-04-17,0.30694441666666666,0.3020835,0.454167,4.75
2021-04-18,0.3333333333333333,0.3375,0.466667,6.083333333333333
2021-04-19,0.3665597692307693,0.3875,0.472222,6.3076923076923075
2021-04-20,0.263141,0.2625,0.454167,3.769230769230769
2021-04-21,0.19230776923076925,0.179167,0.445833,2.230769230769231
2021-04-22,0.20801284615384616,0.2,0.433333,2.3846153846153846
2021-04-23,0.22187508333333336,0.2,0.441667,2.6666666666666665
2021-04-24,0.22019223076923078,0.2,0.5,2.4615384615384617
2021-04-25,0.20384615384615384,0.2,0.416667,2.6153846153846154
2021-04-26,0.17863246153846155,0.2,0.4,2.0
2021-04-27,0.19027783333333334,0.2,0.4,2.4166666666666665
2021-04-28,0.29947925000000003,0.3020835,0.4375,4.916666666666667
2021-04-29,0.3594331538461538,0.358333,0.504167,5.769230769230769
2021-04-30,0.4083333076923077,0.445833,0.544444,7.0
2021-05-01,0.2711806666666667,0.2833335,0.4125,4.5
2021-05-02,0.17604175,0.2,0.4,2.0833333333333335
2021-05-03,0.22657266666666667,0.252083,0.433333,3.25
2021-05-04,0.28506481818181817,0.3,0.4625,4.0
2021-05-05,0.31159536363636364,0.305882,0.4625,4.818181818181818
2021-05-06,0.2630049090909091,0.254167,0.433333,3.3636363636363638
2021-05-07,0.22916672727272724,0.204167,0.4,2.6363636363636362
2021-05-08,0.22727272727272727,0.204167,0.4,2.6363636363636362
2021-05-09,0.2375,0.233333,0.4,3.1818181818181817
2021-05-10,0.2159090909090909,0.2,0.441667,2.4545454545454546
2021-05-11,0.24981676923076923,0.241667,0.458333,3.4615384615384617
2021-05-12,0.24652775000000002,0.23125,0.45,3.1666666666666665
2021-05-13,0.23984146153846153,0.241667,0.433333,3.0
2021-05-14,0.23205123076923076,0.2,0.4,2.6923076923076925
2021-05-15,0.19487184615384615,0.2,0.420833,2.6153846153846154
2021-05-16,0.19711530769230767,0.2,0.433333,2.4615384615384617
2021-05-17,0.2136689230769231,0.216667,0.4,2.769230769230769
2021-05-18,0.23493599999999998,0.241667,0.375,2.769230769230769
2021-05-19,0.25195523076923076,0.266667,0.406667,3.3076923076923075
2021-05-20,0.2039536153846154,0.2,0.38125,2.6153846153846154
2021-05-21,0.21623930769230768,0.211111,0.320833,3.0
2021-05-22,0.19711546153846154,0.2,0.4,2.6153846153846154
2021-05-23,0.261218,0.270833,0.4,4.153846153846154
2021-05-24,0.32852561538461533,0.366667,0.433333,5.3076923076923075
2021-05-25,0.3092948461538461,0.333333,0.4,5.076923076923077
2021-05-26,0.23301292307692306,0.254167,0.4,2.8461538461538463
2021-05-27,0.20576915384615385,0.2,0.4,2.5384615384615383
2021-05-28,0.25375184615384616,0.258333,0.416667,3.230769230769231
2021-05-29,0.200641,0.2,0.425,2.3076923076923075
2021-05-30,0.20416669230769233,0.2,0.4125,2.3076923076923075
2021-05-31,0.22051276923076923,0.2,0.4,2.5384615384615383
2021-06-01,0.2694444166666667,0.2625,0.433333,3.8333333333333335
2021-06-02,0.2726045384615385,0.266667,0.420833,3.923076923076923
2021-06-03,0.2365573846153846,0.241667,0.4,3.1538461538461537
2021-06-04,0.23985046153846154,0.241667,0.441667,3.3846153846153846
2021-06-05,0.21634607692307692,0.216667,0.4,2.6923076923076925
2021-06-06,0.18108976923076925,0.2,0.341667,2.230769230769231
2021-06-07,0.18301284615384616,0.2,0.4,2.076923076923077
2021-06-08,0.17756415384615387,0.179167,0.4,2.0
2021-06-09,0.23301284615384615,0.2375,0.4,3.5384615384615383
2021-06-10,0.21474361538461537,0.208333,0.325,3.076923076923077
2021-06-11,0.285181,0.3125,0.4,4.3076923076923075
2021-06-12,0.32499999999999996,0.333333,0.425,5.153846153846154
2021-06-13,0.26314092307692305,0.295833,0.383333,3.8461538461538463
2021-06-14,0.2884616153846154,0.304167,0.420833,4.538461538461538
2021-06-15,0.33339753846153847,0.370833,0.458333,5.076923076923077
2021-06-16,0.27013883333333333,0.2791665,0.45,3.8333333333333335
2021-06-17,0.3076923076923077,0.3,0.5625,4.538461538461538
2021-06-18,0.2660256923076923,0.283333,0.466667,3.4615384615384617
2021-06-19,0.25480776923076925,0.275,0.454167,3.3076923076923075
2021-06-20,0.23141015384615388,0.229167,0.4,2.923076923076923
2021-06-21,0.22820515384615386,0.2625,0.3625,3.1538461538461537
2021-06-22,0.22839066666666666,0.229167,0.382353,3.0833333333333335
2021-06-23,0.2312499166666667,0.2354165,0.4,3.0
2021-06-24,0.19839746153846155,0.2,0.345833,2.4615384615384617
2021-06-25,0.23365384615384616,0.241667,0.3,3.3846153846153846
2021-06-26,0.2586537692307692,0.283333,0.354167,3.5384615384615383
2021-06-27,0.25576915384615384,0.2875,0.354167,3.5384615384615383
2021-06-28,0.2567306923076923,0.279167,0.433333,3.8461538461538463
2021-06-29,0.22743066666666667,0.2395835,0.491667,3.0
2021-06-30,0.22465274999999998,0.2416665,0.45,2.9166666666666665
2021-07-01,0.23159725,0.24375,0.379167,2.8333333333333335
2021-07-02,0.28125,0.297917,0.370833,4.25
2021-07-03,0.27118075,0.2895835,0.345833,3.9166666666666665
2021-07-04,0.20833333333333334,0.20625,0.333333,2.5833333333333335
2021-07-05,0.23472216666666668,0.2166665,0.354167,3.0833333333333335
2021-07-06,0.23680558333333335,0.247917,0.375,2.75
2021-07-07,0.26666666666666666,0.2791665,0.416667,3.4166666666666665
2021-07-08,0.27187500000000003,0.29374999999999996,0.4,4.0
2021-07-09,0.28909308333333333,0.3041665,0.420833,4.333333333333333
2021-07-10,0.26736108333333336,0.2833335,0.4,3.6666666666666665
2021-07-11,0.21319458333333333,0.204167,0.4,2.6666666666666665
2021-07-12,0.22743058333333335,0.229167,0.4,2.75
2021-07-13,0.2593749166666667,0.2625,0.420833,4.25
2021-07-14,0.24930558333333333,0.24791649999999998,0.4,3.5833333333333335
2021-07-15,0.21435183333333332,0.2111115,0.345833,2.5833333333333335
2021-07-16,0.23124999999999998,0.233333,0.333333,2.9166666666666665
2021-07-17,0.24895825000000002,0.2604165,0.3375,3.1666666666666665
2021-07-18,0.25763891666666666,0.275,0.329167,3.5
2021-07-19,0.25625000000000003,0.28125,0.391667,3.9166666666666665
2021-07-20,0.2555555,0.270833,0.375,3.8333333333333335
2021-07-21,0.26030091666666666,0.283333,0.3625,3.8333333333333335
2021-07-22,0.23576391666666666,0.2604165,0.35,2.9166666666666665
2021-07-23,0.22722225,0.24375,0.335,2.9166666666666665
2021-07-24,0.23715266666666668,0.25416649999999996,0.325,2.8333333333333335
2021-07-25,0.20423608333333335,0.2,0.38,2.4166666666666665
2021-07-26,0.26242683333333333,0.26666650000000003,0.415789,3.3333333333333335
2021-07-27,0.24930566666666665,0.235417,0.441667,3.4166666666666665
2021-07-28,0.27604158333333334,0.29375,0.433333,4.333333333333333
2021-07-29,0.2916870833333333,0.3104165,0.4375,4.75
2021-07-30,0.2939235833333333,0.2916665,0.441667,4.5
2021-07-31,0.2913195,0.3020835,0.4,4.5
2021-08-01,0.28472225,0.304167,0.4,4.166666666666667
2021-08-02,0.3368055833333334,0.31875,0.458333,5.5
2021-08-03,0.32244675,0.3416665,0.445833,4.916666666666667
2021-08-04,0.3119895,0.33958350000000004,0.475,4.666666666666667
2021-08-05,0.3060184166666667,0.323611,0.495833,4.5
2021-08-06,0.2694444166666667,0.28541649999999996,0.475,3.9166666666666665
2021-08-07,0.24155691666666668,0.2604165,0.345833,2.9166666666666665
2021-08-08,0.2447915833333333,0.258333,0.3125,3.0833333333333335
2021-08-09,0.25312491666666664,0.26249999999999996,0.325,3.4166666666666665
2021-08-10,0.29016216666666667,0.31666700000000003,0.377778,4.333333333333333
2021-08-11,0.29374991666666667,0.3104165,0.354167,4.5
2021-08-12,0.31666666666666665,0.31875,0.433333,5.416666666666667
2021-08-13,0.28645824999999997,0.3125,0.345833,4.666666666666667
2021-08-14,0.30416666666666664,0.3354165,0.416667,4.25
2021-08-15,0.32881941666666664,0.345833,0.5,4.583333333333333
2021-08-16,0.32986108333333336,0.329167,0.645833,4.833333333333333
2021-08-17,0.2552083333333333,0.266667,0.4125,3.5
2021-08-18,0.1963541666666667,0.2,0.408333,2.25
2021-08-19,0.2225693333333333,0.2104165,0.479167,2.6666666666666665
2021-08-20,0.24652766666666667,0.2354165,0.570833,2.9166666666666665
2021-08-21,0.24583341666666667,0.2375,0.454167,3.0
2021-08-22,0.3083333333333333,0.3,0.458333,3.8333333333333335
2021-08-23,0.38020841666666666,0.379167,0.570833,5.666666666666667
2021-08-24,0.39027775000000003,0.3854165,0.575,5.666666666666667
2021-08-25,0.4291666666666667,0.4604165,0.508333,6.0
2021-08-26,0.4986110833333333,0.489583,0.641667,7.583333333333333
2021-08-27,0.460049,0.46875,0.625,7.083333333333333
2021-08-28,0.4184720833333333,0.44375,0.575,6.083333333333333
2021-08-29,0.37465275000000003,0.383333,0.445833,5.166666666666667
2021-08-30,0.37187491666666667,0.3875,0.491667,5.166666666666667
2021-08-31,0.3600694166666667,0.366667,0.458333,4.833333333333333
2021-09-01,0.33055575,0.32708349999999997,0.441667,4.75
2021-09-02,0.3262730833333333,0.33125,0.4625,4.333333333333333
2021-09-03,0.38298625000000003,0.391667,0.470833,5.5
2021-09-04,0.4430555,0.4375,0.5625,7.083333333333333
2021-09-05,0.4368055833333333,0.39166650000000003,0.708333,7.166666666666667
2021-09-06,0.33263899999999996,0.3375,0.425,4.5
2021-09-07,0.36076400000000003,0.3645835,0.475,5.416666666666667
2021-09-08,0.3917825,0.4166665,0.520833,5.666666666666667
2021-09-09,0.39246050000000005,0.39791699999999997,0.491667,5.916666666666667
2021-09-10,0.35698541666666667,0.38749999999999996,0.466667,5.416666666666667
2021-09-11,0.36527783333333336,0.3520835,0.508333,6.0
2021-09-12,0.35625,0.35625,0.529167,5.666666666666667
2021-09-13,0.379861,0.4083335,0.533333,5.833333333333333
2021-09-14,0.38120033333333336,0.42083349999999997,0.475,5.583333333333333
2021-09-15,0.3392360833333334,0.36041650000000003,0.429167,4.666666666666667
2021-09-16,0.2888888333333333,0.29791650000000003,0.441667,4.0
2021-09-17,0.32727263636363635,0.329167,0.445833,4.636363636363637
2021-09-18,0.3034090909090909,0.3,0.408333,4.2727272727272725
2021-09-19,0.3659091818181818,0.375,0.404167,5.7272727272727275
2021-09-20,0.425,0.420833,0.5125,6.545454545454546
2021-09-21,0.43181827272727275,0.441667,0.525,7.090909090909091
2021-09-22,0.44846736363636364,0.4125,0.592308,7.0
2021-09-23,0.37957081818181815,0.379167,0.570833,5.454545454545454
2021-09-24,0.4362967272727273,0.425,0.608333,6.2727272727272725
2021-09-25,0.3666668181818182,0.379167,0.466667,5.636363636363637
2021-09-26,0.2503787272727273,0.225,0.483333,2.8181818181818183
2021-09-27,0.2700757272727273,0.2625,0.3625,3.5454545454545454
2021-09-28,0.2530303636363636,0.245833,0.3125,3.3636363636363638
2021-09-29,0.3638591818181818,0.383333,0.475,5.7272727272727275
2021-09-30,0.46325745454545453,0.466667,0.608333,7.454545454545454
2021-10-01,0.5208333636363637,0.508333,0.820833,8.272727272727273
2021-10-02,0.5151515454545454,0.545833,0.704167,8.545454545454545
2021-10-03,0.4723484545454546,0.504167,0.6125,7.636363636363637
2021-10-04,0.5310606363636364,0.516667,0.925,8.454545454545455
2021-10-05,0.27693854545454544,0.266667,0.329167,3.909090909090909
2021-10-06,0.33106063636363636,0.3375,0.4,4.909090909090909
2021-10-07,0.27186872727272726,0.258333,0.4,3.272727272727273
2021-10-08,0.21742427272727272,0.204167,0.308333,3.3636363636363638
2021-10-09,0.34128790909090906,0.3125,0.454167,5.454545454545454
2021-10-10,0.41742436363636365,0.425,0.566667,6.545454545454546
2021-10-11,0.3776515454545455,0.4,0.454167,6.545454545454546
2021-10-12,0.23816836363636362,0.245833,0.283333,4.454545454545454
2021-10-13,0.4295454545454545,0.433333,0.620833,7.0
2021-10-14,0.5152777272727272,0.5375,0.738889,8.181818181818182
2021-10-15,0.4799242727272727,0.458333,0.716667,8.090909090909092
2021-10-16,0.44621227272727276,0.429167,0.691667,8.0
2021-10-17,0.4625000909090909,0.475,0.741667,8.090909090909092
2021-10-18,0.23712127272727274,0.241667,0.3,2.8181818181818183
2021-10-19,0.35366163636363634,0.377778,0.420833,5.7272727272727275
2021-10-20,0.4496212727272727,0.4375,0.545833,7.181818181818182
2021-10-21,0.5289140909090909,0.533333,0.629167,8.363636363636363
2021-10-22,0.42263809090909094,0.4,0.6,6.454545454545454
2021-10-23,0.2537878181818182,0.266667,0.308333,3.272727272727273
2021-10-24,0.2715910909090909,0.254167,0.379167,3.909090909090909
2021-10-25,0.26856054545454544,0.275,0.320833,3.909090909090909
2021-10-26,0.37537872727272725,0.379167,0.5375,6.181818181818182
2021-10-27,0.4844696363636363,0.483333,0.7,7.818181818181818
2021-10-28,0.5329003636363636,0.525,0.975,9.272727272727273
2021-10-29,0.5609847272727273,0.545833,0.875,9.545454545454545
2021-10-30,0.43863636363636366,0.429167,0.670833,6.818181818181818
2021-10-31,0.28484845454545454,0.3,0.375,4.454545454545454
2021-11-01,0.4753787272727273,0.483333,0.595833,7.636363636363637
2021-11-02,0.44747472727272725,0.475,0.558333,6.545454545454546
2021-11-03,0.5742423636363636,0.629167,0.758333,9.0
2021-11-04,0.5515523636363636,0.582353,0.779167,7.909090909090909
2021-11-05,0.608296090909091,0.717647,0.8,8.909090909090908
2021-11-06,0.4905304545454545,0.491667,0.666667,6.818181818181818
2021-11-07,0.4799241818181818,0.516667,0.6125,7.090909090909091
2021-11-08,0.4234849090909091,0.445833,0.525,6.636363636363637
2021-11-09,0.36363636363636365,0.375,0.5,6.090909090909091
2021-11-10,0.3754902727272727,0.4,0.504167,7.545454545454546
2021-11-11,0.5007577272727273,0.483333,1.166667,9.0
2021-11-12,0.5755124545454545,0.558333,1.675,10.0
2021-11-13,0.5,0.5,1.066667,9.545454545454545
2021-11-14,0.5863636363636364,0.5875,1.445833,10.909090909090908
2021-11-15,0.6111111818181818,0.658333,0.954167,9.909090909090908
2021-11-16,0.4890151818181818,0.516667,0.758333,7.2727272727272725
2021-11-17,0.39958781818181816,0.405882,0.458333,6.818181818181818
2021-11-18,0.6374459090909091,0.65,0.816667,10.090909090909092
2021-11-19,0.5323307272727272,0.55,0.704167,8.0
2021-11-20,0.5590908181818182,0.575,0.808333,9.0
2021-11-21,0.5071969090909091,0.458333,0.920833,10.909090909090908
2021-11-22,0.4058823636363636,0.441667,0.6,7.090909090909091
2021-11-23,0.5063726363636364,0.55,0.691667,8.545454545454545
2021-11-24,0.4215908181818182,0.491667,0.583333,6.636363636363637
2021-11-25,0.3950758181818182,0.316667,1.0125,6.818181818181818
2021-11-26,0.44166663636363634,0.433333,0.691667,8.545454545454545
2021-11-27,0.6159090909090909,0.583333,1.229167,10.727272727272727
2021-11-28,0.7234849090909091,0.716667,1.333333,13.0
2021-11-29,0.792803090909091,0.804167,1.4,12.727272727272727
2021-11-30,0.9127005454545455,0.9625,1.391667,13.545454545454545
2021-12-01,0.8855773636363636,0.908333,1.366667,13.636363636363637
2021-12-02,0.8489082727272728,0.844444,1.308333,13.181818181818182
2021-12-03,0.5946077272727273,0.582353,0.733333,8.454545454545455
2021-12-04,0.5704545454545454,0.55,0.745833,8.545454545454545
2021-12-05,0.7034090000000001,0.720833,1.033333,11.090909090909092
2021-12-06,0.7837122727272727,0.854167,1.254167,13.0
2021-12-07,0.3852272727272727,0.383333,0.429167,7.0
2021-12-08,0.5446968181818183,0.595833,0.866667,8.818181818181818
2021-12-09,0.26717163636363633,0.2875,0.320833,5.0
2021-12-10,0.4096925454545454,0.45,0.620833,7.909090909090909
2021-12-11,0.4727272727272727,0.4875,0.866667,9.181818181818182
2021-12-12,0.5712122727272727,0.541667,1.179167,9.909090909090908
2021-12-13,0.5212120909090909,0.533333,0.745833,9.0
2021-12-14,0.2108510909090909,0.223529,0.283333,3.4545454545454546
2021-12-15,0.44825763636363636,0.4375,0.96,7.545454545454546
2021-12-16,0.5968181818181818,0.5875,1.2,9.0
2021-12-17,0.4583334545454545,0.4375,0.7125,8.272727272727273
2021-12-18,0.5212121818181819,0.516667,1.158333,9.818181818181818
2021-12-19,0.6496211818181818,0.6125,1.3625,11.545454545454545
2021-12-20,0.8196970909090908,0.8,1.7375,13.0
2021-12-21,0.7094696363636364,0.654167,1.166667,11.272727272727273
2021-12-22,0.8359848181818182,0.820833,1.579167,13.272727272727273
2021-12-23,0.40113645454545455,0.404167,0.633333,8.454545454545455
2021-12-24,0.23522727272727273,0.225,0.320833,5.0
2021-12-25,0.3458332727272727,0.345833,0.55,6.2727272727272725
2021-12-26,0.2484848181818182,0.2375,0.291667,4.909090909090909
2021-12-27,0.41174236363636363,0.454167,0.708333,6.7272727272727275
2021-12-28,0.35075772727272725,0.329167,0.479167,6.0
2021-12-29,0.3465909090909091,0.35,0.591667,6.2727272727272725
2021-12-30,0.22083336363636363,0.216667,0.320833,3.8181818181818183
2021-12-31,0.3530302727272727,0.370833,0.554167,5.363636363636363
2022-01-01,0.34052629999999995,0.33157899999999996,0.578947,6.2
2022-01-02,0.3733332,0.3958335,0.525,7.0
2022-01-03,0.51875,0.516667,0.825,8.4
2022-01-04,0.6195833000000001,0.6854165,0.883333,9.8
2022-01-05,0.705,0.71875,1.370833,11.9
2022-01-06,0.7995833,0.733333,1.679167,13.3
2022-01-07,0.7718056,0.75625,1.045833,13.1
2022-01-08,0.3712499,0.36250000000000004,0.479167,7.5
2022-01-09,0.4799999,0.5291665,0.820833,8.6
2022-01-10,0.40416660000000004,0.4125,0.7125,7.5
2022-01-11,0.4108332,0.4291665,0.933333,7.3
2022-01-12,0.5585541,0.660417,0.964706,8.9
2022-01-13,0.7254167,0.7895835,1.266667,12.2
2022-01-14,0.7649999999999999,0.7854165,1.129167,12.6
2022-01-15,0.5995833,0.5708335,1.1875,11.4
2022-01-16,0.34375,0.3520835,0.525,5.8
2022-01-17,0.3533335,0.3645835,0.479167,5.0
2022-01-18,0.3283332,0.3375,0.483333,4.7
2022-01-19,0.4033334,0.3958335,0.504167,6.5
2022-01-20,0.5104903000000001,0.48125,0.9,7.8
2022-01-21,0.4970833,0.5291665,0.879167,9.3
2022-01-22,0.2008334,0.2,0.3375,4.6
2022-01-23,0.42291670000000003,0.35,1.283333,7.2
2022-01-24,0.5333333,0.5041665,1.091667,8.9
2022-01-25,0.5270834,0.5395835,0.729167,8.0
2022-01-26,0.5133333999999999,0.5708335,0.858333,8.0
2022-01-27,0.5075492,0.5583335,0.841667,7.9
2022-01-28,0.48624999999999996,0.49583299999999997,0.766667,8.6
2022-01-29,0.46875,0.53125,0.65,8.1
2022-01-30,0.5570834,0.55,1.154167,10.1
2022-01-31,0.66625,0.6875,1.170833,10.0
2022-02-01,0.48125,0.47708300000000003,0.658333,7.7
2022-02-02,0.44416669999999997,0.4479165,0.941667,7.0
2022-02-03,0.4595834,0.43333299999999997,0.941667,7.7
2022-02-04,0.5105554999999999,0.4625,1.083333,8.4
2022-02-05,0.45083340000000005,0.4625,0.841667,7.4
2022-02-06,0.53125,0.466667,1.275,8.9
2022-02-07,0.5266665,0.489583,1.183333,8.6
2022-02-08,0.4809558,0.552083,0.779167,7.5
2022-02-09,0.5462499000000001,0.4875,1.245833,8.2
2022-02-10,0.47735279999999997,0.395098,1.170833,8.1
2022-02-11,0.5483333,0.48541650000000003,1.029167,8.7
2022-02-12,0.5383331,0.514583,1.1,9.6
2022-02-13,0.46291659999999996,0.4625,1.020833,8.7
2022-02-14,0.5700000000000001,0.5645835,1.345833,9.6
2022-02-15,0.2216666,0.2291665,0.275,3.8
2022-02-16,0.2937499,0.30625,0.408333,4.7
2022-02-17,0.3456547,0.3720235,0.5,5.9
2022-02-18,0.4295832,0.4625,0.758333,6.8
2022-02-19,0.48333339999999997,0.4958335,1.008333,8.5
2022-02-20,0.43583340000000004,0.45625000000000004,0.541667,7.6
2022-02-21,0.2154166,0.216667,0.2625,3.1
2022-02-22,0.1969166,0.2033335,0.233333,2.5
2022-02-23,0.20392860000000002,0.2,0.264286,2.5
2022-02-24,0.3131826,0.306845,0.433333,5.2
2022-02-25,0.4158334,0.44375,0.625,6.5
2022-02-26,0.44166679999999997,0.47291649999999996,0.766667,7.3
2022-02-27,0.3845834,0.4125,0.7,7.1
2022-02-28,0.4904166,0.458333,1.266667,7.9
2022-03-01,0.46749989999999997,0.43125,1.0875,8.1
2022-03-02,0.5471815,0.5895835,0.875,8.5
2022-03-03,0.4735913,0.45625000000000004,0.625,8.0
2022-03-04,0.2206862,0.2291665,0.266667,3.5
2022-03-05,0.2108333,0.21875,0.25,3.7
2022-03-06,0.30375,0.310417,0.408333,4.8
2022-03-07,0.4074999,0.42291650000000003,0.6375,6.7
2022-03-08,0.3858332,0.3666665,0.645833,6.4
2022-03-09,0.3854166,0.4125,0.479167,6.4
2022-03-10,0.26166659999999997,0.27291699999999997,0.304167,4.4
2022-03-11,0.35625,0.3833335,0.583333,5.9
2022-03-12,0.39875,0.45416650000000003,0.575,6.9
2022-03-13,0.3886031,0.422917,0.504167,6.9
2022-03-14,0.34212966666666667,0.366667,0.466667,5.333333333333333
2022-03-15,0.4963235555555555,0.516667,0.608333,8.333333333333334
2022-03-16,0.28626533333333337,0.3,0.395833,4.444444444444445
2022-03-17,0.3186274444444444,0.35,0.4125,5.333333333333333
2022-03-18,0.39058644444444446,0.366667,0.554167,6.333333333333333
2022-03-19,0.3263891111111111,0.341667,0.391667,6.0
2022-03-20,0.18055555555555555,0.2,0.2125,2.0
2022-03-21,0.288426,0.2875,0.379167,4.666666666666667
2022-03-22,0.3907408888888889,0.429167,0.554167,6.555555555555555
2022-03-23,0.4050926666666667,0.420833,0.654167,7.333333333333333
2022-03-24,0.38672844444444443,0.433333,0.466667,6.444444444444445
2022-03-25,0.4352976,0.4625,0.583333,7.0
2022-03-26,0.36791680000000004,0.4041665,0.466667,5.5
2022-03-27,0.1979166,0.20625,0.270833,2.8
2022-03-28,0.1633333,0.172917,0.2,1.9
2022-03-29,0.25416669999999997,0.2583335,0.329167,4.1
2022-03-30,0.2634722,0.2729165,0.308333,3.9
2022-03-31,0.21125000000000002,0.21250000000000002,0.304167,2.6
2022-04-01,0.30291670000000004,0.31875,0.370833,5.3
2022-04-02,0.2783929,0.28125,0.371429,4.0
2022-04-03,0.19212966666666667,0.2,0.2625,2.111111111111111
2022-04-04,0.2712963333333333,0.291667,0.3125,4.111111111111111
2022-04-05,0.3633902222222222,0.420833,0.483333,5.777777777777778
2022-04-06,0.3638887777777778,0.3875,0.470833,5.777777777777778
2022-04-07,0.3773147777777778,0.429167,0.545833,6.333333333333333
2022-04-08,0.3473625,0.3371795,0.604167,6.0
2022-04-09,0.3275001,0.3375,0.466667,5.5
2022-04-10,0.18833329999999998,0.2,0.25,2.0
2022-04-11,0.17583330000000003,0.2,0.2,1.9
2022-04-12,0.1691665,0.1791665,0.233333,2.0
2022-04-13,0.23625,0.23125,0.354167,3.5
2022-04-14,0.28142860000000003,0.2854165,0.3625,4.5
2022-04-15,0.25652759999999997,0.258333,0.329167,3.8
2022-04-16,0.1874999,0.2,0.233333,2.2
2022-04-17,0.1887501,0.2,0.229167,2.2
2022-04-18,0.31625010000000003,0.32708349999999997,0.391667,5.0
2022-04-19,0.23061289999999998,0.23848049999999998,0.3,3.0
2022-04-20,0.1754166,0.1958335,0.2,2.0
2022-04-21,0.22374999999999998,0.2354165,0.270833,3.1
2022-04-22,0.1730555,0.19166650000000002,0.208333,2.1
2022-04-23,0.2541666,0.270833,0.3125,3.8
2022-04-24,0.3066667,0.3333335,0.454167,5.2
2022-04-25,0.3283332,0.3479165,0.470833,5.4
2022-04-26,0.32124990000000003,0.33958299999999997,0.4,5.1
2022-04-27,0.2206862,0.22009800000000002,0.2875,2.6
2022-04-28,0.2024999,0.2041665,0.245833,2.5
2022-04-29,0.2991667,0.30625,0.358333,4.4
2022-04-30,0.36916669999999996,0.38958349999999997,0.454167,5.6
2022-05-01,0.2512499,0.2604165,0.3125,3.7
2022-05-02,0.2187501,0.2270835,0.266667,2.6
2022-05-03,0.23333339999999997,0.24791649999999998,0.3,2.7
2022-05-04,0.3075001,0.310417,0.383333,4.3
2022-05-05,0.31648810000000005,0.3386905,0.3875,4.2
2022-05-06,0.3666667,0.3770835,0.454167,5.9
2022-05-07,0.2216666,0.225,0.295833,3.0
2022-05-08,0.16375,0.2,0.2,1.8
2022-05-09,0.1975001,0.2,0.241667,2.5
2022-05-10,0.23874990000000001,0.2416665,0.295833,3.8
2022-05-11,0.2162133,0.22499999999999998,0.28125,3.2
2022-05-12,0.2459314,0.25,0.325,4.2
2022-05-13,0.3416667,0.36041650000000003,0.495833,5.7
2022-05-14,0.3833332,0.3854165,0.545833,5.9
2022-05-15,0.3516664,0.3541665,0.508333,5.9
2022-05-16,0.22124990000000003,0.2354165,0.279167,2.6
2022-05-17,0.2116667,0.2291665,0.254167,2.6
2022-05-18,0.24610300000000002,0.2520835,0.3,2.7
2022-05-19,0.23937499999999998,0.25,0.2875,2.7
2022-05-20,0.1677778,0.19166650000000002,0.211111,1.9
2022-05-21,0.1754166,0.2,0.2125,2.0
2022-05-22,0.21208330000000003,0.2125,0.283333,3.2
2022-05-23,0.23966659999999998,0.264583,0.291667,2.7
2022-05-24,0.2670834,0.2791665,0.304167,3.9
2022-05-25,0.3000245,0.30625,0.3625,4.7
2022-05-26,0.2390114,0.24652799999999997,0.3,3.4
2022-05-27,0.18916660000000002,0.2,0.241667,2.1
2022-05-28,0.17875000000000002,0.2,0.2,1.9
2022-05-29,0.1795833,0.2,0.2375,2.2
2022-05-30,0.1766667,0.191667,0.245833,2.0
2022-05-31,0.2191668,0.204167,0.291667,2.9
2022-06-01,0.28291659999999996,0.295833,0.35,4.2
2022-06-02,0.22458329999999999,0.24791649999999998,0.266667,2.7
2022-06-03,0.21208330000000003,0.2354165,0.266667,2.6
2022-06-04,0.1775001,0.2,0.204167,2.0
2022-06-05,0.1895834,0.2,0.254167,2.3
2022-06-06,0.1908334,0.2,0.266667,2.1
2022-06-07,0.21208330000000003,0.2270835,0.316667,2.7
2022-06-08,0.2391668,0.25625,0.329167,3.2
2022-06-09,0.25625,0.26875000000000004,0.345833,3.4
2022-06-10,0.343554,0.35318649999999996,0.495833,5.5
2022-06-11,0.2958333,0.28958300000000003,0.416667,4.5
2022-06-12,0.2420834,0.2604165,0.35,3.1
2022-06-13,0.1624999,0.183333,0.2125,1.9
2022-06-14,0.181389,0.179167,0.254167,2.1
2022-06-15,0.2391667,0.25,0.320833,3.1
2022-06-16,0.2347221,0.245833,0.333333,3.0
2022-06-17,0.18,0.2,0.233333,1.9
2022-06-18,0.1908333,0.2,0.245833,2.3
2022-06-19,0.21208339999999998,0.2083335,0.2875,2.8
2022-06-20,0.2812501,0.30000000000000004,0.4125,4.4
2022-06-21,0.27779410000000004,0.3,0.370833,4.0
2022-06-22,0.3037501,0.3333335,0.379167,5.0
2022-06-23,0.2590833,0.2833335,0.353333,3.9
2022-06-24,0.29375,0.3083335,0.4,4.9
2022-06-25,0.2925,0.29791650000000003,0.4,4.4
2022-06-26,0.2912501,0.30625,0.391667,4.3
2022-06-27,0.3075001,0.3125,0.4375,4.8
2022-06-28,0.3170833,0.32083300000000003,0.466667,5.1
2022-06-29,0.24083329999999997,0.26666650000000003,0.320833,3.4
2022-06-30,0.2241667,0.2333335,0.3,2.6
2022-07-01,0.2470834,0.2708335,0.320833,3.2
2022-07-02,0.2245833,0.2395835,0.295833,2.8
2022-07-03,0.1875,0.19375,0.308333,2.3
2022-07-04,0.1899999,0.2,0.3,2.1
2022-07-05,0.2069446,0.2083335,0.325,2.9
2022-07-06,0.1716667,0.18125,0.3,2.0
2022-07-07,0.23124989999999998,0.2375,0.3375,3.6
2022-07-08,0.22708330000000002,0.233333,0.354167,2.7
2022-07-09,0.24708329999999998,0.258333,0.366667,3.4
2022-07-10,0.2608334,0.2854165,0.358333,3.9
2022-07-11,0.2475,0.2520835,0.395833,3.1
2022-07-12,0.21208339999999998,0.2145835,0.3375,2.9
2022-07-13,0.22041650000000002,0.233333,0.333333,2.8
2022-07-14,0.22708330000000002,0.227083,0.358333,2.9
2022-07-15,0.2629165,0.26666650000000003,0.4,3.7
2022-07-16,0.2933335,0.3145835,0.4,4.4
2022-07-17,0.2583332,0.258333,0.375,3.5
2022-07-18,0.2479168,0.25,0.354167,3.6
2022-07-19,0.2508333,0.25416649999999996,0.35,4.1
2022-07-20,0.24958339999999998,0.25625,0.325,3.6
2022-07-21,0.2591668,0.26458349999999997,0.3375,3.5
2022-07-22,0.23958339999999997,0.247917,0.3,2.6
2022-07-23,0.20208339999999997,0.2,0.304167,2.5
2022-07-24,0.21041669999999998,0.21250000000000002,0.3375,2.6
2022-07-25,0.2195834,0.2354165,0.354167,2.8
2022-07-26,0.2187499,0.2375,0.3,2.8
2022-07-27,0.2258333,0.23125,0.325,3.2
2022-07-28,0.24687510000000001,0.2375,0.333333,3.6
2022-07-29,0.2137499,0.225,0.3,2.6
2022-07-30,0.23791669999999998,0.2416665,0.325,3.4
2022-07-31,0.19875,0.2,0.283333,2.2
2022-08-01,0.2299998,0.227083,0.333333,3.7
2022-08-02,0.2014882,0.21250000000000002,0.3125,2.6
2022-08-03,0.2054166,0.20625,0.3,2.4
2022-08-04,0.22708330000000002,0.2395835,0.3625,2.9
2022-08-05,0.23125,0.25,0.4,3.1
2022-08-06,0.24708329999999998,0.245833,0.4125,3.5
2022-08-07,0.3045836,0.2833335,0.466667,4.8
2022-08-08,0.2941667,0.3125,0.425,4.3
2022-08-09,0.27222219999999997,0.2604165,0.388889,4.4
2022-08-10,0.2707842,0.245588,0.395833,4.4
2022-08-11,0.2937501,0.3020835,0.395833,4.9
2022-08-12,0.3226667,0.30833299999999997,0.4375,5.3
2022-08-13,0.32416659999999997,0.3125,0.425,5.2
2022-08-14,0.2920834,0.3104165,0.370833,4.5
2022-08-15,0.3458333,0.3395835,0.466667,5.8
2022-08-16,0.3324999,0.3229165,0.445833,5.6
2022-08-17,0.296,0.2875,0.404167,5.0
2022-08-18,0.26875,0.27708350000000004,0.408333,3.9
2022-08-19,0.3341666,0.3375,0.454167,5.1
2022-08-20,0.21208339999999998,0.2,0.341667,2.8
2022-08-21,0.1991667,0.2,0.3375,2.3
2022-08-22,0.215,0.2229165,0.3875,2.8
2022-08-23,0.3112499,0.32499999999999996,0.45,4.7
2022-08-24,0.24083320000000003,0.239583,0.383333,3.7
2022-08-25,0.23625,0.2375,0.375,3.7
2022-08-26,0.27999999999999997,0.29791650000000003,0.458333,4.6
2022-08-27,0.2529167,0.2625,0.370833,3.4
2022-08-28,0.1804167,0.2,0.316667,2.1
2022-08-29,0.21875,0.23125,0.3625,2.9
2022-08-30,0.3208332,0.32916650000000003,0.45,5.5
2022-08-31,0.4066667,0.3875,0.591667,6.9
2022-09-01,0.3958335,0.38958349999999997,0.525,6.5
2022-09-02,0.3415277,0.3333335,0.5125,5.3
2022-09-03,0.3466667,0.34791649999999996,0.483333,5.5
2022-09-04,0.3125,0.3375,0.3875,5.2
2022-09-05,0.2908334,0.3,0.479167,4.0
2022-09-06,0.315139,0.3375,0.441667,4.9
2022-09-07,0.3520832,0.34791649999999996,0.508333,5.6
2022-09-08,0.3805638,0.4,0.516667,6.3
2022-09-09,0.2579166,0.25416649999999996,0.416667,5.0
2022-09-10,0.1837501,0.175,0.379167,2.7
2022-09-11,0.15791680000000002,0.1645835,0.3,1.8
2022-09-12,0.1665196,0.1729165,0.3125,2.4
2022-09-13,0.2043056,0.2104165,0.329167,3.0
2022-09-14,0.1925,0.19166650000000002,0.316667,2.6
2022-09-15,0.21277770000000001,0.2,0.295833,2.7
2022-09-16,0.2837746,0.2833335,0.379167,4.4
2022-09-17,0.2670833,0.2729165,0.325,4.5
2022-09-18,0.1716667,0.1875,0.254167,2.0
2022-09-19,0.22541669999999997,0.2375,0.2875,3.7
2022-09-20,0.2018056,0.2104165,0.275,3.0
2022-09-21,0.2095834,0.225,0.266667,3.2
2022-09-22,0.3246429,0.36250000000000004,0.421429,5.2
2022-09-23,0.40708340000000004,0.447917,0.516667,7.1
2022-09-24,0.35875029999999997,0.354167,0.466667,5.7
2022-09-25,0.30879633333333334,0.320833,0.454167,4.777777777777778
2022-09-26,0.3467592222222222,0.3125,0.5,5.888888888888889
2022-09-27,0.3953703333333334,0.383333,0.575,6.777777777777778
2022-09-28,0.41277233333333335,0.395833,0.575,6.777777777777778
2022-09-29,0.3319445555555556,0.325,0.491667,5.444444444444445
2022-09-30,0.24655299999999997,0.24375,0.45,3.0
2022-10-01,0.17222222222222222,0.2,0.2,1.7777777777777777
2022-10-02,0.1865741111111111,0.2,0.229167,2.111111111111111
2022-10-03,0.26851844444444445,0.279167,0.320833,4.555555555555555
2022-10-04,0.3734567777777778,0.375,0.458333,6.333333333333333
2022-10-05,0.29583333333333334,0.325,0.354167,4.666666666666667
2022-10-06,0.28055544444444447,0.304167,0.3375,4.555555555555555
2022-10-07,0.31203699999999995,0.320833,0.391667,5.0
2022-10-08,0.398148,0.408333,0.495833,6.333333333333333
2022-10-09,0.3175926666666667,0.329167,0.3875,4.666666666666667
2022-10-10,0.2805554444444444,0.3,0.320833,3.3333333333333335
2022-10-11,0.23703711111111112,0.254167,0.3,3.0
2022-10-12,0.2569444444444444,0.266667,0.3,3.2222222222222223
2022-10-13,0.2976191111111111,0.316667,0.345833,4.333333333333333
2022-10-14,0.278395,0.3,0.3375,3.6666666666666665
2022-10-15,0.187963,0.208333,0.229167,2.5555555555555554
2022-10-16,0.23148155555555552,0.2375,0.329167,2.888888888888889
2022-10-17,0.3847221111111111,0.404167,0.533333,5.888888888888889
2022-10-18,0.43626544444444443,0.5125,0.545833,7.111111111111111
2022-10-19,0.4123458888888889,0.466667,0.6625,7.444444444444445
2022-10-20,0.4393521111111111,0.45,0.779167,7.222222222222222
2022-10-21,0.32993833333333333,0.320833,0.429167,5.0
2022-10-22,0.194270875,0.20625,0.2125,2.625
2022-10-23,0.186978875,0.1979165,0.245833,2.75
2022-10-24,0.28958325,0.30416699999999997,0.425,4.625
2022-10-25,0.39427075,0.4291665,0.495833,6.125
2022-10-26,0.4009258888888889,0.4,0.5375,6.555555555555555
2022-10-27,0.3736112222222222,0.416667,0.516667,6.111111111111111
2022-10-28,0.5105994444444444,0.5,0.6875,8.0
2022-10-29,0.5422503333333333,0.6,0.920833,8.666666666666666
2022-10-30,0.5550926666666667,0.6,0.779167,8.666666666666666
2022-10-31,0.6152778888888889,0.633333,0.941667,9.666666666666666
2022-11-01,0.3407406666666667,0.3375,0.458333,6.555555555555555
2022-11-02,0.17407411111111112,0.183333,0.2125,2.111111111111111
2022-11-03,0.19409033333333334,0.2,0.273333,2.888888888888889
2022-11-04,0.3611111111111111,0.391667,0.55,6.0
2022-11-05,0.48611099999999996,0.520833,0.745833,7.666666666666667
2022-11-06,0.46944455555555553,0.483333,0.779167,8.444444444444445
2022-11-07,0.24305566666666667,0.254167,0.308333,4.222222222222222
2022-11-08,0.19027777777777777,0.216667,0.254167,3.6666666666666665
2022-11-09,0.2448148888888889,0.253333,0.329167,4.444444444444445
2022-11-10,0.3898147777777778,0.433333,0.591667,6.666666666666667
2022-11-11,0.4407407777777778,0.495833,0.641667,7.666666666666667
2022-11-12,0.4791666666666667,0.495833,0.833333,8.777777777777779
2022-11-13,0.4351852222222222,0.5,0.641667,9.0
2022-11-14,0.44398144444444443,0.479167,0.720833,7.222222222222222
2022-11-15,0.5348992222222222,0.591667,0.9625,8.444444444444445
2022-11-16,0.5606209999999999,0.566667,1.375,9.333333333333334
2022-11-17,0.5097222222222223,0.495833,0.975,9.444444444444445
2022-11-18,0.5893518888888889,0.683333,1.004167,9.555555555555555
2022-11-19,0.5361111111111111,0.5,1.366667,10.555555555555555
2022-11-20,0.4171296666666666,0.475,0.733333,7.666666666666667
2022-11-21,0.44722222222222224,0.483333,0.679167,7.666666666666667
2022-11-22,0.5069444444444444,0.529167,0.795833,8.88888888888889
2022-11-23,0.6837963333333333,0.754167,1.304167,11.0
2022-11-24,0.6287035555555556,0.504167,1.520833,12.333333333333334
2022-11-25,0.45648144444444444,0.458333,0.875,8.777777777777779
2022-11-26,0.5902776666666667,0.620833,1.191667,10.0
2022-11-27,0.5731482222222222,0.654167,0.920833,9.666666666666666
2022-11-28,0.38425944444444443,0.379167,0.608333,7.555555555555555
2022-11-29,0.33017444444444444,0.288235,0.479167,5.888888888888889
2022-11-30,0.4138888888888889,0.425,0.666667,7.222222222222222
2022-12-01,0.2152777777777778,0.225,0.258333,3.111111111111111
2022-12-02,0.25787044444444446,0.266667,0.316667,5.666666666666667
2022-12-03,0.4393516666666667,0.4375,0.633333,7.222222222222222
2022-12-04,0.4717592222222222,0.5375,0.754167,8.11111111111111
2022-12-05,0.2842592222222222,0.2875,0.35,5.111111111111111
2022-12-06,0.3703702222222222,0.370833,0.525,6.222222222222222
2022-12-07,0.49972211111111114,0.529167,0.945833,8.444444444444445
2022-12-08,0.5097222222222223,0.525,0.954167,8.444444444444445
2022-12-09,0.5611111111111111,0.554167,1.041667,9.0
2022-12-10,0.5708334444444445,0.604167,0.891667,11.0
2022-12-11,0.18518533333333334,0.175,0.245833,4.222222222222222
2022-12-12,0.33888888888888885,0.3875,0.475,6.0
2022-12-13,0.42839499999999997,0.495833,0.570833,7.222222222222222
2022-12-14,0.526852,0.554167,0.858333,7.888888888888889
2022-12-15,0.6555555555555556,0.691667,1.095833,10.666666666666666
2022-12-16,0.5249998888888888,0.604167,0.725,9.777777777777779
2022-12-17,0.43425911111111115,0.470833,0.633333,8.555555555555555
2022-12-18,0.5592592222222222,0.525,0.9375,10.333333333333334
2022-12-19,0.6856481111111111,0.708333,1.416667,11.0
2022-12-20,0.6194443333333334,0.620833,1.033333,9.666666666666666
2022-12-21,0.628240888888889,0.7,1.254167,9.555555555555555
2022-12-22,0.717824,0.80625,1.25,11.444444444444445
2022-12-23,0.8447983333333333,0.95,1.466667,13.88888888888889
2022-12-24,0.7518518888888889,0.65,1.804167,14.555555555555555
2022-12-25,0.5291666666666667,0.491667,1.254167,10.777777777777779
2022-12-26,0.6157407777777778,0.541667,1.441667,12.0
2022-12-27,0.6925925555555555,0.8,1.0125,12.11111111111111
2022-12-28,0.287037,0.316667,0.366667,4.555555555555555
2022-12-29,0.2916667777777778,0.291667,0.4375,5.111111111111111
2022-12-30,0.2921295555555556,0.270833,0.408333,4.666666666666667
2022-12-31,0.18055555555555555,0.183333,0.266667,2.4444444444444446
