DATE,TMAX_C,TMIN_C,TAVG_C,PRCP_mm,AWND,WT01,WT02,WT08
2020-01-01,21.11111111111111,9.444444444444445,15.277777777777777,0.0,1.34,0,0,0
2020-01-02,21.11111111111111,10.0,15.555555555555555,0.0,1.34,0,0,1
2020-01-03,24.444444444444443,10.555555555555555,17.5,0.0,0.89,0,0,0
2020-01-04,22.22222222222222,8.88888888888889,15.555555555555555,0.0,0.67,1,0,1
2020-01-05,21.666666666666668,8.88888888888889,15.277777777777777,0.0,0.67,1,0,1
2020-01-06,26.11111111111111,8.88888888888889,17.5,0.0,0.89,0,0,0
2020-01-07,26.11111111111111,13.333333333333332,19.72222222222222,0.0,2.46,0,0,0
2020-01-08,18.88888888888889,11.666666666666666,15.277777777777777,0.0,1.57,0,0,1
2020-01-09,17.77777777777778,10.555555555555555,14.166666666666666,0.0,1.57,0,0,1
2020-01-10,19.444444444444443,8.333333333333334,13.88888888888889,0.0,1.12,0,0,0
2020-01-11,18.333333333333332,7.777777777777778,13.055555555555555,0.0,0.89,0,0,0
2020-01-12,18.333333333333332,9.444444444444445,13.88888888888889,0.0,1.12,0,0,1
2020-01-13,18.333333333333332,9.444444444444445,13.88888888888889,0.0,0.67,1,0,1
2020-01-14,18.333333333333332,8.88888888888889,13.61111111111111,0.0,0.45,0,0,1
2020-01-15,19.444444444444443,8.333333333333334,13.88888888888889,0.0,0.22,0,0,1
2020-01-16,17.22222222222222,10.0,13.61111111111111,3.8099999999999996,1.34,1,0,1
2020-01-17,18.333333333333332,9.444444444444445,13.88888888888889,3.8099999999999996,2.01,1,0,0
2020-01-18,22.77777777777778,9.444444444444445,16.11111111111111,0.0,1.57,0,0,0
2020-01-19,25.0,12.222222222222221,18.61111111111111,0.0,2.01,0,0,0
2020-01-20,18.333333333333332,13.333333333333332,15.833333333333332,0.0,0.67,0,0,0
2020-01-21,18.333333333333332,12.222222222222221,15.277777777777777,0.508,0.89,0,0,0
2020-01-22,19.444444444444443,11.11111111111111,15.277777777777777,0.0,0.45,0,0,1
2020-01-23,24.444444444444443,10.555555555555555,17.5,0.0,1.57,0,0,1
2020-01-24,23.88888888888889,11.11111111111111,17.5,0.0,0.89,1,1,1
2020-01-25,22.22222222222222,11.666666666666666,16.944444444444443,0.0,0.67,1,1,1
2020-01-26,17.22222222222222,13.333333333333332,15.277777777777777,0.0,1.34,0,0,1
2020-01-27,22.77777777777778,11.666666666666666,17.22222222222222,0.0,1.57,1,0,1
2020-01-28,25.0,12.777777777777777,18.88888888888889,0.0,2.01,0,0,0
2020-01-29,25.555555555555554,13.88888888888889,19.72222222222222,0.0,3.13,0,0,0
2020-01-30,24.444444444444443,11.11111111111111,17.77777777777778,0.0,0.89,0,0,0
2020-01-31,28.333333333333332,10.555555555555555,19.444444444444443,0.0,0.89,0,0,0
2020-02-01,30.0,12.777777777777777,21.38888888888889,0.0,1.57,0,0,0
2020-02-02,22.22222222222222,12.777777777777777,17.5,0.0,2.46,0,0,0
2020-02-03,17.22222222222222,8.88888888888889,13.055555555555555,0.0,5.82,0,0,0
2020-02-04,16.666666666666668,5.555555555555555,11.11111111111111,0.0,1.12,0,0,0
2020-02-05,17.77777777777778,6.666666666666666,12.222222222222221,0.0,1.12,0,0,0
2020-02-06,19.444444444444443,8.333333333333334,13.88888888888889,0.0,0.45,0,0,0
2020-02-07,20.555555555555554,8.88888888888889,14.722222222222221,0.0,1.34,0,0,1
2020-02-08,21.11111111111111,10.555555555555555,15.833333333333332,0.0,1.12,1,0,1
2020-02-09,17.22222222222222,12.222222222222221,14.722222222222221,0.0,2.91,0,0,1
2020-02-10,24.444444444444443,11.11111111111111,17.77777777777778,0.0,2.24,0,0,1
2020-02-11,23.333333333333332,11.11111111111111,17.22222222222222,0.0,0.67,0,0,0
2020-02-12,20.555555555555554,10.0,15.277777777777777,0.0,0.89,0,0,1
2020-02-13,21.666666666666668,10.0,15.833333333333332,0.0,1.12,0,0,0
2020-02-14,21.666666666666668,9.444444444444445,15.555555555555555,0.0,0.67,0,0,1
2020-02-15,21.11111111111111,9.444444444444445,15.277777777777777,0.0,0.89,0,0,1
2020-02-16,22.22222222222222,10.555555555555555,16.38888888888889,0.0,0.45,1,1,1
2020-02-17,21.11111111111111,10.555555555555555,15.833333333333332,0.0,1.12,0,0,1
2020-02-18,22.22222222222222,13.333333333333332,17.77777777777778,0.0,1.12,1,0,1
2020-02-19,21.11111111111111,13.88888888888889,17.5,0.0,1.34,0,0,1
2020-02-20,27.22222222222222,11.11111111111111,19.166666666666668,0.0,1.12,1,0,1
2020-02-21,26.666666666666664,14.444444444444445,20.555555555555554,0.0,2.24,0,0,1
2020-02-22,18.88888888888889,15.0,16.944444444444443,1.016,2.24,0,0,0
2020-02-23,20.0,11.666666666666666,15.833333333333332,0.0,1.12,0,0,0
2020-02-24,21.666666666666668,11.11111111111111,16.38888888888889,0.0,0.67,0,0,1
2020-02-25,28.333333333333332,11.11111111111111,19.72222222222222,0.0,0.67,0,0,1
2020-02-26,27.22222222222222,11.666666666666666,19.444444444444443,0.0,0.89,0,0,0
2020-02-27,30.0,13.88888888888889,21.944444444444443,0.0,1.57,0,0,1
2020-02-28,31.11111111111111,17.77777777777778,24.444444444444443,0.0,2.46,0,0,0
2020-02-29,22.77777777777778,15.555555555555555,19.166666666666668,0.0,2.68,0,0,1
2020-03-01,17.22222222222222,12.222222222222221,14.722222222222221,0.254,2.68,0,0,1
2020-03-02,23.333333333333332,10.0,16.666666666666668,0.0,2.91,0,0,0
2020-03-03,27.77777777777778,13.333333333333332,20.555555555555554,0.0,1.12,0,0,0
2020-03-04,23.88888888888889,14.444444444444445,19.166666666666668,0.0,1.34,0,0,1
2020-03-05,23.88888888888889,14.444444444444445,19.166666666666668,0.0,1.34,0,0,1
2020-03-06,22.22222222222222,13.88888888888889,18.055555555555554,0.0,1.57,1,0,1
2020-03-07,19.444444444444443,13.88888888888889,16.666666666666668,0.0,1.57,0,0,0
2020-03-08,19.444444444444443,11.11111111111111,15.277777777777777,0.0,1.79,0,0,0
2020-03-09,23.88888888888889,11.666666666666666,17.77777777777778,1.016,2.46,0,0,0
2020-03-10,19.444444444444443,15.0,17.22222222222222,6.35,4.92,0,0,1
2020-03-11,22.77777777777778,15.555555555555555,19.166666666666668,0.0,2.24,0,0,0
2020-03-12,17.77777777777778,13.333333333333332,15.555555555555555,33.019999999999996,1.34,1,0,0
2020-03-13,15.555555555555555,12.777777777777777,14.166666666666666,12.7,0.89,1,0,1
2020-03-14,16.11111111111111,13.88888888888889,15.0,6.604,1.12,1,0,1
2020-03-15,18.333333333333332,12.222222222222221,15.277777777777777,1.27,2.24,1,0,0
2020-03-16,18.333333333333332,11.11111111111111,14.722222222222221,9.652,2.91,0,0,0
2020-03-17,17.22222222222222,8.333333333333334,12.777777777777777,0.0,1.57,0,0,0
2020-03-18,18.333333333333332,8.88888888888889,13.61111111111111,0.0,2.01,0,0,0
2020-03-19,17.77777777777778,10.555555555555555,14.166666666666666,0.0,2.46,0,0,0
2020-03-20,18.88888888888889,12.222222222222221,15.555555555555555,0.0,2.91,0,0,0
2020-03-21,20.555555555555554,12.777777777777777,16.666666666666668,0.254,1.79,0,0,0
2020-03-22,23.333333333333332,11.666666666666666,17.5,38.354,1.57,1,0,0
2020-03-23,19.444444444444443,12.777777777777777,16.11111111111111,0.7619999999999999,2.24,1,0,0
2020-03-24,18.88888888888889,11.11111111111111,15.0,0.0,2.68,0,0,1
2020-03-25,18.88888888888889,12.222222222222221,15.555555555555555,0.0,2.68,0,0,0
2020-03-26,17.77777777777778,9.444444444444445,13.61111111111111,0.0,3.58,0,0,0
2020-03-27,19.444444444444443,10.0,14.722222222222221,0.0,2.91,0,0,0
2020-03-28,20.0,12.222222222222221,16.11111111111111,0.0,2.68,0,0,0
2020-03-29,20.555555555555554,12.222222222222221,16.38888888888889,0.0,3.36,0,0,0
2020-03-30,23.88888888888889,12.222222222222221,18.055555555555554,0.0,2.01,0,0,0
2020-03-31,25.555555555555554,13.333333333333332,19.444444444444443,0.0,1.57,0,0,0
2020-04-01,23.88888888888889,15.555555555555555,19.72222222222222,0.0,1.79,0,0,1
2020-04-02,22.22222222222222,15.555555555555555,18.88888888888889,0.0,2.01,0,0,0
2020-04-03,21.666666666666668,13.88888888888889,17.77777777777778,0.0,1.79,0,0,1
2020-04-04,21.11111111111111,13.88888888888889,17.5,0.0,2.68,0,0,1
2020-04-05,18.333333333333332,13.88888888888889,16.11111111111111,3.0479999999999996,1.57,0,0,1
2020-04-06,17.77777777777778,13.333333333333332,15.555555555555555,27.94,2.01,1,0,0
2020-04-07,19.444444444444443,11.666666666666666,15.555555555555555,20.827999999999996,2.01,1,0,0
2020-04-08,17.77777777777778,11.11111111111111,14.444444444444445,0.254,2.91,1,0,1
2020-04-09,13.88888888888889,11.11111111111111,12.5,19.049999999999997,5.82,0,0,0
2020-04-10,19.444444444444443,10.555555555555555,15.0,4.064,3.13,0,0,0
2020-04-11,22.77777777777778,11.666666666666666,17.22222222222222,0.0,2.24,0,0,0
2020-04-12,17.22222222222222,14.444444444444445,15.833333333333332,1.5239999999999998,0.89,1,0,1
2020-04-13,19.444444444444443,13.333333333333332,16.38888888888889,0.0,2.01,0,0,1
2020-04-14,23.333333333333332,11.666666666666666,17.5,0.0,1.57,0,0,1
2020-04-15,28.333333333333332,13.333333333333332,20.833333333333332,0.0,1.79,0,0,0
2020-04-16,25.555555555555554,14.444444444444445,20.0,0.0,1.57,0,0,1
2020-04-17,21.666666666666668,15.0,18.333333333333332,0.0,1.79,0,0,1
2020-04-18,20.555555555555554,15.555555555555555,18.055555555555554,0.0,2.01,0,0,1
2020-04-19,21.11111111111111,15.0,18.055555555555554,0.0,2.24,0,0,1
2020-04-20,20.555555555555554,15.0,17.77777777777778,0.0,2.24,0,0,1
2020-04-21,23.333333333333332,14.444444444444445,18.88888888888889,0.0,1.79,0,0,1
2020-04-22,27.77777777777778,14.444444444444445,21.11111111111111,0.0,2.46,0,0,1
2020-04-23,33.333333333333336,18.333333333333332,25.833333333333332,0.0,2.01,0,0,1
2020-04-24,33.888888888888886,18.88888888888889,26.38888888888889,0.0,1.57,0,0,1
2020-04-25,33.888888888888886,20.555555555555554,27.22222222222222,0.0,1.34,0,0,1
2020-04-26,31.11111111111111,17.77777777777778,24.444444444444443,0.0,1.57,0,0,1
2020-04-27,27.22222222222222,17.22222222222222,22.22222222222222,0.0,1.34,0,0,1
2020-04-28,29.444444444444443,17.77777777777778,23.61111111111111,0.0,1.12,0,0,1
2020-04-29,26.11111111111111,17.77777777777778,21.944444444444443,0.0,1.57,0,0,1
2020-04-30,24.444444444444443,17.77777777777778,21.11111111111111,0.0,1.57,0,0,1
2020-05-01,26.11111111111111,16.666666666666668,21.38888888888889,0.0,1.34,0,0,1
2020-05-02,26.11111111111111,17.22222222222222,21.666666666666668,0.0,2.24,0,0,0
2020-05-03,25.0,16.11111111111111,20.555555555555554,0.0,1.34,0,0,0
2020-05-04,28.333333333333332,15.555555555555555,21.944444444444443,0.0,1.79,0,0,1
2020-05-05,31.666666666666664,17.77777777777778,24.72222222222222,0.0,2.01,0,0,1
2020-05-06,33.333333333333336,18.333333333333332,25.833333333333332,0.0,1.57,0,0,1
2020-05-07,35.0,20.0,27.5,0.0,1.57,0,0,1
2020-05-08,31.666666666666664,18.333333333333332,25.0,0.0,0.89,0,0,1
2020-05-09,26.11111111111111,17.77777777777778,21.944444444444443,0.0,2.01,0,0,1
2020-05-10,24.444444444444443,17.22222222222222,20.833333333333332,0.0,2.01,0,0,1
2020-05-11,23.88888888888889,16.11111111111111,20.0,0.0,2.68,0,0,1
2020-05-12,22.77777777777778,15.555555555555555,19.166666666666668,0.0,2.24,0,0,1
2020-05-13,23.88888888888889,15.0,19.444444444444443,0.0,2.01,0,0,0
2020-05-14,25.0,16.666666666666668,20.833333333333332,0.0,3.58,0,0,0
2020-05-15,26.666666666666664,18.333333333333332,22.5,0.0,2.01,0,0,0
2020-05-16,27.77777777777778,16.666666666666668,22.22222222222222,0.0,2.01,0,0,0
2020-05-17,28.333333333333332,18.333333333333332,23.333333333333332,0.0,2.24,0,0,1
2020-05-18,23.88888888888889,16.11111111111111,20.0,3.556,3.13,0,0,1
2020-05-19,22.77777777777778,13.88888888888889,18.333333333333332,0.0,3.36,0,0,0
2020-05-20,25.0,16.11111111111111,20.555555555555554,0.0,2.91,0,0,0
2020-05-21,26.666666666666664,15.0,20.833333333333332,0.0,2.01,0,0,0
2020-05-22,26.11111111111111,16.666666666666668,21.38888888888889,0.0,2.91,0,0,1
2020-05-23,23.88888888888889,16.11111111111111,20.0,0.0,3.13,0,0,0
2020-05-24,26.11111111111111,14.444444444444445,20.27777777777778,0.0,1.57,0,0,1
2020-05-25,25.0,15.0,20.0,0.0,1.34,0,0,0
2020-05-26,27.77777777777778,15.555555555555555,21.666666666666668,0.0,1.57,1,0,1
2020-05-27,27.22222222222222,15.555555555555555,21.38888888888889,0.0,1.34,1,0,1
2020-05-28,23.88888888888889,16.666666666666668,20.27777777777778,0.0,2.01,0,0,1
2020-05-29,22.77777777777778,17.22222222222222,20.0,0.0,1.34,0,0,1
2020-05-30,23.88888888888889,16.11111111111111,20.0,0.0,3.13,0,0,0
2020-05-31,23.88888888888889,15.0,19.444444444444443,0.0,1.79,0,0,0
2020-06-01,27.22222222222222,16.11111111111111,21.666666666666668,0.0,1.57,0,0,0
2020-06-02,28.333333333333332,16.666666666666668,22.5,0.0,1.12,0,0,0
2020-06-03,32.77777777777778,17.77777777777778,25.27777777777778,0.0,1.57,0,0,0
2020-06-04,26.11111111111111,17.77777777777778,21.944444444444443,0.0,1.34,0,0,1
2020-06-05,22.77777777777778,17.77777777777778,20.27777777777778,0.0,1.79,0,0,0
2020-06-06,23.333333333333332,16.666666666666668,20.0,0.0,2.46,0,0,0
2020-06-07,25.0,16.666666666666668,20.833333333333332,0.0,3.8,0,0,0
2020-06-08,31.11111111111111,18.333333333333332,24.72222222222222,0.0,2.46,0,0,0
2020-06-09,36.666666666666664,18.88888888888889,27.77777777777778,0.0,1.79,0,0,0
2020-06-10,36.666666666666664,19.444444444444443,28.055555555555554,0.0,2.46,0,0,0
2020-06-11,32.77777777777778,17.22222222222222,25.0,0.0,2.01,0,0,1
2020-06-12,26.11111111111111,16.666666666666668,21.38888888888889,0.0,1.79,0,0,0
2020-06-13,25.0,16.666666666666668,20.833333333333332,0.0,2.91,0,0,0
2020-06-14,26.666666666666664,16.11111111111111,21.38888888888889,0.0,3.36,0,0,0
2020-06-15,26.666666666666664,16.666666666666668,21.666666666666668,0.0,1.57,0,0,0
2020-06-16,24.444444444444443,17.77777777777778,21.11111111111111,0.0,2.46,0,0,0
2020-06-17,23.88888888888889,17.77777777777778,20.833333333333332,0.0,2.01,0,0,0
2020-06-18,22.77777777777778,17.22222222222222,20.0,0.0,2.01,0,0,1
2020-06-19,24.444444444444443,17.22222222222222,20.833333333333332,0.0,2.01,0,0,1
2020-06-20,22.22222222222222,17.77777777777778,20.0,0.0,2.24,0,0,0
2020-06-21,24.444444444444443,17.77777777777778,21.11111111111111,0.0,2.24,0,0,1
2020-06-22,26.666666666666664,17.77777777777778,22.22222222222222,0.0,2.24,0,0,1
2020-06-23,25.555555555555554,17.22222222222222,21.38888888888889,0.0,1.34,0,0,1
2020-06-24,26.11111111111111,16.666666666666668,21.38888888888889,0.0,2.24,0,0,1
2020-06-25,25.555555555555554,17.77777777777778,21.666666666666668,0.0,1.79,0,0,0
2020-06-26,24.444444444444443,16.666666666666668,20.555555555555554,0.0,2.24,1,0,1
2020-06-27,25.0,16.666666666666668,20.833333333333332,0.0,2.24,0,0,1
2020-06-28,22.22222222222222,17.77777777777778,20.0,0.0,2.46,0,0,0
2020-06-29,23.333333333333332,17.22222222222222,20.27777777777778,0.0,2.46,0,0,0
2020-06-30,23.88888888888889,16.11111111111111,20.0,0.0,1.57,0,0,0
2020-07-01,24.444444444444443,17.22222222222222,20.833333333333332,0.0,1.57,0,0,0
2020-07-02,26.11111111111111,17.77777777777778,21.944444444444443,0.0,2.68,0,0,1
2020-07-03,27.22222222222222,16.11111111111111,21.666666666666668,0.0,1.79,0,0,1
2020-07-04,29.444444444444443,17.77777777777778,23.61111111111111,0.0,2.24,0,0,1
2020-07-05,32.77777777777778,17.77777777777778,25.27777777777778,0.0,1.79,0,0,1
2020-07-06,30.555555555555554,18.333333333333332,24.444444444444443,0.0,0.89,1,0,1
2020-07-07,28.88888888888889,18.333333333333332,23.61111111111111,0.0,1.57,0,0,1
2020-07-08,28.88888888888889,17.77777777777778,23.333333333333332,0.0,1.79,0,0,1
2020-07-09,28.333333333333332,17.77777777777778,23.055555555555554,0.0,1.57,1,0,1
2020-07-10,30.0,17.22222222222222,23.61111111111111,0.0,1.34,1,0,1
2020-07-11,32.22222222222222,18.333333333333332,25.27777777777778,0.0,1.79,0,0,0
2020-07-12,33.333333333333336,20.0,26.666666666666664,0.0,2.01,0,0,0
2020-07-13,29.444444444444443,18.88888888888889,24.166666666666664,0.0,1.12,0,0,1
2020-07-14,27.22222222222222,17.77777777777778,22.5,0.0,2.01,0,0,0
2020-07-15,26.666666666666664,17.22222222222222,21.944444444444443,0.0,2.46,0,0,0
2020-07-16,26.11111111111111,17.22222222222222,21.666666666666668,0.0,2.24,0,0,0
2020-07-17,25.555555555555554,17.22222222222222,21.38888888888889,0.0,2.01,0,0,0
2020-07-18,25.0,16.666666666666668,20.833333333333332,0.0,1.34,0,0,0
2020-07-19,26.666666666666664,16.666666666666668,21.666666666666668,0.0,1.57,1,0,1
2020-07-20,26.11111111111111,16.666666666666668,21.38888888888889,0.0,2.01,0,0,0
2020-07-21,27.22222222222222,16.11111111111111,21.666666666666668,0.0,2.01,0,0,0
2020-07-22,23.333333333333332,15.555555555555555,19.444444444444443,0.0,1.57,1,0,1
2020-07-23,24.444444444444443,16.666666666666668,20.555555555555554,0.0,1.57,0,0,0
2020-07-24,26.11111111111111,16.11111111111111,21.11111111111111,0.0,1.79,0,0,1
2020-07-25,26.666666666666664,16.11111111111111,21.38888888888889,0.0,1.79,0,0,1
2020-07-26,25.0,15.555555555555555,20.27777777777778,0.0,1.34,1,0,1
2020-07-27,23.88888888888889,16.11111111111111,20.0,0.0,1.34,0,0,1
2020-07-28,25.0,16.11111111111111,20.555555555555554,0.0,2.01,1,0,1
2020-07-29,25.555555555555554,16.11111111111111,20.833333333333332,0.0,1.12,1,0,1
2020-07-30,28.333333333333332,16.11111111111111,22.22222222222222,0.0,1.12,1,0,1
2020-07-31,31.666666666666664,17.77777777777778,24.72222222222222,0.0,1.12,0,0,1
2020-08-01,32.77777777777778,16.666666666666668,24.72222222222222,0.0,1.12,0,0,1
2020-08-02,31.11111111111111,18.88888888888889,25.0,0.0,0.89,1,0,1
2020-08-03,28.88888888888889,19.444444444444443,24.166666666666664,0.0,1.34,0,0,1
2020-08-04,26.11111111111111,19.444444444444443,22.77777777777778,0.0,0.89,0,0,1
2020-08-05,25.555555555555554,17.77777777777778,21.666666666666668,0.0,2.01,0,0,0
2020-08-06,26.666666666666664,18.333333333333332,22.5,0.0,0.89,0,0,1
2020-08-07,26.666666666666664,17.77777777777778,22.22222222222222,0.0,2.24,0,0,0
2020-08-08,27.22222222222222,17.22222222222222,22.22222222222222,0.0,1.79,0,0,0
2020-08-09,26.666666666666664,16.11111111111111,21.38888888888889,0.0,2.01,1,0,1
2020-08-10,25.555555555555554,16.666666666666668,21.11111111111111,0.0,1.57,0,0,0
2020-08-11,25.0,16.11111111111111,20.555555555555554,0.0,1.57,1,0,1
2020-08-12,30.0,15.555555555555555,22.77777777777778,0.0,1.34,0,0,0
2020-08-13,31.11111111111111,18.88888888888889,25.0,0.0,1.34,0,0,0
2020-08-14,33.888888888888886,21.11111111111111,27.5,0.0,1.34,0,0,1
2020-08-15,36.666666666666664,22.77777777777778,29.72222222222222,0.0,0.89,0,0,0
2020-08-16,35.0,22.77777777777778,28.88888888888889,0.0,1.57,0,0,1
2020-08-17,31.666666666666664,22.22222222222222,26.944444444444443,0.0,1.12,0,0,0
2020-08-18,36.11111111111111,22.22222222222222,29.166666666666664,0.0,1.12,0,0,1
2020-08-19,34.44444444444444,23.88888888888889,29.166666666666664,0.0,1.34,0,0,0
2020-08-20,34.44444444444444,22.77777777777778,28.61111111111111,0.0,1.79,0,0,1
2020-08-21,32.77777777777778,22.77777777777778,27.77777777777778,0.0,1.57,0,0,1
2020-08-22,35.55555555555556,22.77777777777778,29.166666666666664,0.0,1.57,0,0,1
2020-08-23,32.77777777777778,22.77777777777778,27.77777777777778,0.0,1.79,0,0,1
2020-08-24,27.22222222222222,21.11111111111111,24.166666666666664,0.0,2.68,0,0,1
2020-08-25,30.0,20.555555555555554,25.27777777777778,0.0,1.34,1,0,1
2020-08-26,30.555555555555554,18.88888888888889,24.72222222222222,0.0,1.79,1,0,1
2020-08-27,31.666666666666664,19.444444444444443,25.555555555555554,0.0,0.89,0,0,1
2020-08-28,30.0,17.22222222222222,23.61111111111111,0.0,1.12,0,0,1
2020-08-29,26.666666666666664,17.22222222222222,21.944444444444443,0.0,2.01,0,0,1
2020-08-30,26.11111111111111,17.22222222222222,21.666666666666668,0.0,2.01,0,0,1
2020-08-31,25.0,17.77777777777778,21.38888888888889,0.0,1.79,0,0,1
2020-09-01,26.11111111111111,18.333333333333332,22.22222222222222,0.0,2.24,0,0,0
2020-09-02,26.666666666666664,17.22222222222222,21.944444444444443,0.0,1.12,0,0,1
2020-09-03,28.88888888888889,18.333333333333332,23.61111111111111,0.0,1.12,0,0,1
2020-09-04,30.555555555555554,18.88888888888889,24.72222222222222,0.0,1.57,0,0,1
2020-09-05,37.22222222222222,20.555555555555554,28.88888888888889,0.0,1.12,0,0,1
2020-09-06,43.888888888888886,25.0,34.44444444444444,0.0,1.12,0,0,1
2020-09-07,30.555555555555554,22.22222222222222,26.38888888888889,0.0,1.12,0,0,1
2020-09-08,26.666666666666664,21.666666666666668,24.166666666666664,0.0,1.12,0,0,1
2020-09-09,28.333333333333332,19.444444444444443,23.88888888888889,0.0,1.79,1,0,1
2020-09-10,26.666666666666664,17.22222222222222,21.944444444444443,0.0,0.22,1,0,1
2020-09-11,28.88888888888889,16.666666666666668,22.77777777777778,0.0,1.12,1,0,1
2020-09-12,27.77777777777778,17.22222222222222,22.5,0.0,1.12,0,0,1
2020-09-13,29.444444444444443,16.11111111111111,22.77777777777778,0.0,1.12,1,0,1
2020-09-14,30.0,16.666666666666668,23.333333333333332,0.0,0.89,0,0,1
2020-09-15,30.555555555555554,17.22222222222222,23.88888888888889,0.0,1.57,0,0,1
2020-09-16,33.888888888888886,17.22222222222222,25.555555555555554,0.0,1.12,0,0,1
2020-09-17,33.888888888888886,17.22222222222222,25.555555555555554,0.0,1.12,0,0,1
2020-09-18,35.55555555555556,18.88888888888889,27.22222222222222,0.0,1.57,0,0,1
2020-09-19,30.555555555555554,18.88888888888889,24.72222222222222,0.0,1.12,0,0,1
2020-09-20,27.77777777777778,16.666666666666668,22.22222222222222,0.0,1.12,1,0,1
2020-09-21,27.22222222222222,18.88888888888889,23.055555555555554,0.0,1.57,0,0,1
2020-09-22,27.77777777777778,18.333333333333332,23.055555555555554,0.0,1.12,0,0,1
2020-09-23,29.444444444444443,17.22222222222222,23.333333333333332,0.0,0.89,1,0,1
2020-09-24,30.555555555555554,17.22222222222222,23.88888888888889,0.0,0.67,1,0,1
2020-09-25,27.77777777777778,18.88888888888889,23.333333333333332,0.0,0.89,1,0,1
2020-09-26,27.22222222222222,18.88888888888889,23.055555555555554,0.0,0.89,1,0,1
2020-09-27,27.77777777777778,20.0,23.88888888888889,0.0,1.34,0,0,1
2020-09-28,30.0,18.88888888888889,24.444444444444443,0.0,1.12,1,0,1
2020-09-29,33.888888888888886,18.88888888888889,26.38888888888889,0.0,1.34,1,0,1
2020-09-30,39.44444444444444,20.0,29.72222222222222,0.0,1.12,0,0,1
2020-10-01,38.333333333333336,20.0,29.166666666666664,0.0,0.89,0,0,1
2020-10-02,37.22222222222222,21.11111111111111,29.166666666666664,0.0,0.67,0,0,1
2020-10-03,34.44444444444444,20.0,27.22222222222222,0.0,0.89,0,0,1
2020-10-04,34.44444444444444,18.88888888888889,26.666666666666664,0.0,0.45,1,0,1
2020-10-05,32.22222222222222,18.88888888888889,25.555555555555554,0.0,0.67,1,0,1
2020-10-06,31.11111111111111,17.22222222222222,24.166666666666664,0.0,0.22,1,0,1
2020-10-07,26.666666666666664,17.22222222222222,21.944444444444443,0.0,1.34,1,1,1
2020-10-08,25.0,18.333333333333332,21.666666666666668,0.0,1.34,0,0,1
2020-10-09,23.88888888888889,17.77777777777778,20.833333333333332,0.0,1.34,0,0,1
2020-10-10,25.0,18.88888888888889,21.944444444444443,0.0,0.67,0,0,1
2020-10-11,26.11111111111111,17.22222222222222,21.666666666666668,0.0,1.34,0,0,0
2020-10-12,32.22222222222222,17.22222222222222,24.72222222222222,0.0,0.89,0,0,0
2020-10-13,34.44444444444444,18.333333333333332,26.38888888888889,0.0,1.12,0,0,1
2020-10-14,33.888888888888886,17.77777777777778,25.833333333333332,0.0,0.89,0,0,0
2020-10-15,33.333333333333336,18.88888888888889,26.11111111111111,0.0,1.34,0,0,0
2020-10-16,33.333333333333336,18.333333333333332,25.833333333333332,0.0,0.89,0,0,1
2020-10-17,30.555555555555554,18.88888888888889,24.72222222222222,0.0,1.12,1,0,1
2020-10-18,27.22222222222222,18.333333333333332,22.77777777777778,0.0,1.12,1,0,1
2020-10-19,25.555555555555554,17.77777777777778,21.666666666666668,0.0,1.12,0,0,1
2020-10-20,25.555555555555554,18.333333333333332,21.944444444444443,0.0,1.34,0,0,1
2020-10-21,23.88888888888889,18.88888888888889,21.38888888888889,0.0,0.89,0,0,1
2020-10-22,22.22222222222222,17.77777777777778,20.0,0.0,0.45,0,0,1
2020-10-23,22.77777777777778,17.22222222222222,20.0,0.0,1.12,0,0,1
2020-10-24,21.666666666666668,18.333333333333332,20.0,0.0,0.89,0,0,0
2020-10-25,21.11111111111111,15.555555555555555,18.333333333333332,0.0,1.34,0,0,0
2020-10-26,22.77777777777778,13.333333333333332,18.055555555555554,0.0,0.67,0,0,1
2020-10-27,25.0,11.11111111111111,18.055555555555554,0.0,1.34,0,0,1
2020-10-28,25.0,12.777777777777777,18.88888888888889,0.0,1.34,0,0,1
2020-10-29,28.333333333333332,13.333333333333332,20.833333333333332,0.0,0.67,0,0,0
2020-10-30,28.333333333333332,12.777777777777777,20.555555555555554,0.0,0.45,0,0,1
2020-10-31,28.88888888888889,12.777777777777777,20.833333333333332,0.0,0.45,0,0,1
2020-11-01,29.444444444444443,13.88888888888889,21.666666666666668,0.0,1.12,1,1,1
2020-11-02,24.444444444444443,14.444444444444445,19.444444444444443,0.0,1.12,1,1,1
2020-11-03,25.0,15.555555555555555,20.27777777777778,0.0,0.45,1,0,1
2020-11-04,27.22222222222222,13.88888888888889,20.555555555555554,0.0,1.12,1,0,1
2020-11-05,32.77777777777778,15.0,23.88888888888889,0.0,0.67,0,0,0
2020-11-06,24.444444444444443,14.444444444444445,19.444444444444443,0.0,2.46,1,0,1
2020-11-07,16.666666666666668,11.666666666666666,14.166666666666666,2.794,2.91,0,0,0
2020-11-08,16.666666666666668,9.444444444444445,13.055555555555555,0.0,3.8,0,0,0
2020-11-09,17.77777777777778,8.333333333333334,13.055555555555555,0.0,1.12,0,0,1
2020-11-10,19.444444444444443,8.333333333333334,13.88888888888889,0.0,1.57,0,0,0
2020-11-11,20.0,8.333333333333334,14.166666666666666,0.0,1.12,0,0,1
2020-11-12,21.11111111111111,8.333333333333334,14.722222222222221,0.0,1.12,0,0,1
2020-11-13,20.0,9.444444444444445,14.722222222222221,0.0,0.67,0,0,0
2020-11-14,20.0,10.555555555555555,15.277777777777777,0.0,1.57,0,0,1
2020-11-15,29.444444444444443,11.11111111111111,20.27777777777778,0.0,1.12,0,0,1
2020-11-16,32.77777777777778,15.0,23.88888888888889,0.0,2.01,0,0,0
2020-11-17,26.666666666666664,12.222222222222221,19.444444444444443,0.0,0.67,1,0,1
2020-11-18,20.0,12.222222222222221,16.11111111111111,0.0,0.89,1,0,1
2020-11-19,20.555555555555554,12.222222222222221,16.38888888888889,0.0,1.34,1,0,1
2020-11-20,23.88888888888889,10.555555555555555,17.22222222222222,0.0,0.45,1,0,1
2020-11-21,25.555555555555554,11.11111111111111,18.333333333333332,0.0,0.89,1,0,1
2020-11-22,22.77777777777778,11.11111111111111,16.944444444444443,0.0,0.45,0,0,1
2020-11-23,18.333333333333332,11.666666666666666,15.0,0.0,0.89,1,1,1
2020-11-24,21.11111111111111,11.11111111111111,16.11111111111111,0.0,0.22,1,0,1
2020-11-25,18.88888888888889,9.444444444444445,14.166666666666666,0.0,1.12,1,1,1
2020-11-26,20.555555555555554,10.0,15.277777777777777,0.0,0.89,1,0,1
2020-11-27,20.555555555555554,6.666666666666666,13.61111111111111,0.0,1.12,0,0,0
2020-11-28,23.333333333333332,8.333333333333334,15.833333333333332,0.0,1.79,0,0,0
2020-11-29,25.0,10.0,17.5,0.0,1.57,0,0,0
2020-11-30,26.11111111111111,11.11111111111111,18.61111111111111,0.0,1.57,0,0,0
2020-12-01,26.11111111111111,8.88888888888889,17.5,0.0,0.22,0,0,1
2020-12-02,26.666666666666664,8.88888888888889,17.77777777777778,0.0,0.89,0,0,1
2020-12-03,23.333333333333332,8.333333333333334,15.833333333333332,0.0,0.67,0,0,0
2020-12-04,23.333333333333332,9.444444444444445,16.38888888888889,0.0,2.01,0,0,0
2020-12-05,23.333333333333332,7.777777777777778,15.555555555555555,0.0,0.67,0,0,0
2020-12-06,22.77777777777778,7.777777777777778,15.277777777777777,0.0,0.89,0,0,1
2020-12-07,24.444444444444443,7.777777777777778,16.11111111111111,0.0,0.0,0,0,1
2020-12-08,27.77777777777778,11.666666666666666,19.72222222222222,0.0,0.45,0,0,1
2020-12-09,23.333333333333332,11.666666666666666,17.5,0.0,1.57,0,0,1
2020-12-10,18.333333333333332,10.0,14.166666666666666,0.0,1.57,0,0,0
2020-12-11,17.22222222222222,10.0,13.61111111111111,0.0,0.67,1,0,1
2020-12-12,20.555555555555554,9.444444444444445,15.0,0.0,1.34,1,0,1
2020-12-13,21.11111111111111,10.0,15.555555555555555,0.0,1.12,0,0,0
2020-12-14,18.88888888888889,11.11111111111111,15.0,0.0,2.46,0,0,0
2020-12-15,21.11111111111111,8.333333333333334,14.722222222222221,0.0,0.22,0,0,0
2020-12-16,22.77777777777778,8.333333333333334,15.555555555555555,0.0,1.12,0,0,0
2020-12-17,17.77777777777778,10.555555555555555,14.166666666666666,0.0,1.12,0,0,0
2020-12-18,19.444444444444443,9.444444444444445,14.444444444444445,0.0,0.45,0,0,0
2020-12-19,21.666666666666668,7.222222222222222,14.444444444444445,0.0,0.67,0,0,0
2020-12-20,26.666666666666664,8.88888888888889,17.77777777777778,0.0,2.01,0,0,0
2020-12-21,28.88888888888889,13.88888888888889,21.38888888888889,0.0,2.24,0,0,0
2020-12-22,21.666666666666668,10.0,15.833333333333332,0.0,1.12,1,0,1
2020-12-23,21.11111111111111,10.555555555555555,15.833333333333332,0.0,0.89,0,0,1
2020-12-24,18.88888888888889,12.222222222222221,15.555555555555555,0.508,2.01,0,0,1
2020-12-25,23.88888888888889,11.11111111111111,17.5,0.0,1.57,0,0,0
2020-12-26,20.555555555555554,7.777777777777778,14.166666666666666,0.0,0.67,0,0,0
2020-12-27,18.88888888888889,12.777777777777777,15.833333333333332,0.254,1.12,1,0,1
2020-12-28,13.333333333333332,8.333333333333334,10.833333333333334,45.974,4.7,1,0,0
2020-12-29,18.333333333333332,5.555555555555555,11.944444444444445,0.0,1.57,0,0,0
2020-12-30,20.555555555555554,6.666666666666666,13.61111111111111,0.0,0.45,0,0,0
2020-12-31,21.11111111111111,6.111111111111111,13.61111111111111,0.0,1.57,0,0,0
2021-01-01,21.11111111111111,7.222222222222222,14.166666666666666,0.0,0.22,0,0,1
2021-01-02,18.88888888888889,8.333333333333334,13.61111111111111,0.0,0.45,1,0,1
2021-01-03,17.77777777777778,10.0,13.88888888888889,0.0,1.12,1,0,1
2021-01-04,16.666666666666668,8.88888888888889,12.777777777777777,0.0,0.89,1,0,1
2021-01-05,17.22222222222222,8.88888888888889,13.055555555555555,0.0,0.67,1,1,1
2021-01-06,22.22222222222222,8.88888888888889,15.555555555555555,0.0,0.22,1,0,1
2021-01-07,23.88888888888889,7.222222222222222,15.555555555555555,0.0,0.89,1,0,1
2021-01-08,20.0,7.777777777777778,13.88888888888889,0.0,1.12,1,0,1
2021-01-09,23.333333333333332,9.444444444444445,16.38888888888889,0.0,1.34,0,0,1
2021-01-10,22.22222222222222,8.333333333333334,15.277777777777777,0.0,1.12,0,0,0
2021-01-11,23.333333333333332,7.777777777777778,15.555555555555555,0.0,0.67,0,0,0
2021-01-12,22.22222222222222,8.88888888888889,15.555555555555555,0.0,1.12,0,0,1
2021-01-13,23.88888888888889,8.88888888888889,16.38888888888889,0.0,0.89,0,0,1
2021-01-14,28.333333333333332,10.0,19.166666666666668,0.0,0.45,0,0,1
2021-01-15,31.11111111111111,11.11111111111111,21.11111111111111,0.0,0.0,0,0,0
2021-01-16,31.11111111111111,12.222222222222221,21.666666666666668,0.0,0.0,0,0,0
2021-01-17,30.0,12.222222222222221,21.11111111111111,0.0,0.45,0,0,0
2021-01-18,26.11111111111111,11.666666666666666,18.88888888888889,0.0,0.67,0,0,1
2021-01-19,21.666666666666668,13.333333333333332,17.5,0.0,2.91,0,0,1
2021-01-20,25.0,11.666666666666666,18.333333333333332,0.0,0.89,0,0,0
2021-01-21,21.666666666666668,11.666666666666666,16.666666666666668,0.0,1.12,0,0,1
2021-01-22,17.77777777777778,10.555555555555555,14.166666666666666,0.0,2.68,0,0,0
2021-01-23,13.333333333333332,8.88888888888889,11.11111111111111,9.652,1.57,1,0,0
2021-01-24,15.555555555555555,6.111111111111111,10.833333333333334,1.778,2.24,1,0,0
2021-01-25,13.333333333333332,6.111111111111111,9.722222222222221,7.365999999999999,2.68,1,0,0
2021-01-26,14.444444444444445,4.444444444444445,9.444444444444445,0.0,1.79,0,0,0
2021-01-27,16.11111111111111,10.0,13.055555555555555,0.0,4.25,0,0,0
2021-01-28,18.333333333333332,7.777777777777778,13.055555555555555,24.892,3.13,1,0,0
2021-01-29,12.222222222222221,7.777777777777778,10.0,18.287999999999997,0.67,1,0,0
2021-01-30,17.77777777777778,6.666666666666666,12.222222222222221,0.0,0.89,0,0,0
2021-01-31,21.666666666666668,8.88888888888889,15.277777777777777,0.0,1.12,0,0,0
2021-02-01,22.77777777777778,14.444444444444445,18.61111111111111,0.0,0.89,0,0,1
2021-02-02,21.666666666666668,12.222222222222221,16.944444444444443,0.0,0.67,0,0,0
2021-02-03,19.444444444444443,9.444444444444445,14.444444444444445,0.0,0.89,0,0,0
2021-02-04,18.88888888888889,11.11111111111111,15.0,0.0,0.45,0,0,0
2021-02-05,20.555555555555554,10.0,15.277777777777777,0.0,1.12,1,0,1
2021-02-06,22.77777777777778,8.333333333333334,15.555555555555555,0.0,0.89,0,0,0
2021-02-07,20.555555555555554,8.88888888888889,14.722222222222221,0.0,0.89,1,1,1
2021-02-08,18.333333333333332,10.555555555555555,14.444444444444445,0.0,1.34,1,0,1
2021-02-09,16.666666666666668,12.222222222222221,14.444444444444445,0.0,1.12,0,0,1
2021-02-10,16.666666666666668,11.11111111111111,13.88888888888889,0.0,0.67,0,0,1
2021-02-11,20.0,8.88888888888889,14.444444444444445,0.0,1.12,1,0,1
2021-02-12,21.11111111111111,12.777777777777777,16.944444444444443,0.0,3.13,0,0,1
2021-02-13,17.77777777777778,12.222222222222221,15.0,0.0,2.24,0,0,0
2021-02-14,21.666666666666668,13.88888888888889,17.77777777777778,0.0,4.92,0,0,0
2021-02-15,18.88888888888889,11.11111111111111,15.0,0.0,2.24,0,0,0
2021-02-16,21.11111111111111,11.666666666666666,16.38888888888889,0.0,3.8,1,0,1
2021-02-17,21.666666666666668,9.444444444444445,15.555555555555555,0.0,2.68,0,0,0
2021-02-18,20.555555555555554,8.333333333333334,14.444444444444445,0.0,1.57,0,0,1
2021-02-19,21.666666666666668,8.333333333333334,15.0,0.0,1.12,0,0,0
2021-02-20,20.0,8.333333333333334,14.166666666666666,0.0,3.58,0,0,0
2021-02-21,22.77777777777778,7.777777777777778,15.277777777777777,0.0,1.12,0,0,0
2021-02-22,27.77777777777778,8.88888888888889,18.333333333333332,0.0,0.67,0,0,0
2021-02-23,26.11111111111111,11.666666666666666,18.88888888888889,0.0,1.34,0,0,1
2021-02-24,23.88888888888889,11.11111111111111,17.5,0.0,1.12,1,0,1
2021-02-25,23.333333333333332,10.555555555555555,16.944444444444443,0.0,0.89,1,0,1
2021-02-26,23.333333333333332,8.333333333333334,15.833333333333332,0.0,0.89,0,0,0
2021-02-27,23.88888888888889,10.0,16.944444444444443,0.0,3.58,0,0,1
2021-02-28,22.77777777777778,9.444444444444445,16.11111111111111,0.0,0.67,0,0,0
2021-03-01,24.444444444444443,10.0,17.22222222222222,0.0,2.24,0,0,0
2021-03-02,24.444444444444443,9.444444444444445,16.944444444444443,0.0,1.79,0,0,0
2021-03-03,14.444444444444445,8.88888888888889,11.666666666666666,4.064,4.25,0,0,0
2021-03-04,19.444444444444443,7.777777777777778,13.61111111111111,0.0,1.57,0,0,1
2021-03-05,25.555555555555554,9.444444444444445,17.5,0.0,1.12,0,0,0
2021-03-06,20.555555555555554,10.555555555555555,15.555555555555555,0.0,2.24,0,0,0
2021-03-07,17.77777777777778,12.777777777777777,15.277777777777777,0.0,0.89,0,0,0
2021-03-08,18.88888888888889,12.222222222222221,15.555555555555555,0.0,2.24,0,0,0
2021-03-09,17.22222222222222,8.88888888888889,13.055555555555555,0.0,2.68,0,0,0
2021-03-10,15.0,8.333333333333334,11.666666666666666,21.081999999999997,2.24,1,0,0
2021-03-11,14.444444444444445,7.777777777777778,11.11111111111111,3.0479999999999996,2.91,1,0,0
2021-03-12,15.555555555555555,6.666666666666666,11.11111111111111,0.0,1.79,0,0,0
2021-03-13,17.77777777777778,7.777777777777778,12.777777777777777,0.0,1.34,0,0,0
2021-03-14,17.77777777777778,11.666666666666666,14.722222222222221,0.0,2.01,0,0,0
2021-03-15,14.444444444444445,8.333333333333334,11.38888888888889,7.619999999999999,3.13,1,0,0
2021-03-16,16.11111111111111,7.222222222222222,11.666666666666666,0.0,2.01,0,0,0
2021-03-17,19.444444444444443,7.222222222222222,13.333333333333332,0.0,1.34,0,0,0
2021-03-18,18.88888888888889,10.555555555555555,14.722222222222221,0.0,1.12,0,0,0
2021-03-19,22.22222222222222,10.0,16.11111111111111,0.0,2.01,0,0,0
2021-03-20,20.0,12.777777777777777,16.38888888888889,0.0,2.01,0,0,0
2021-03-21,20.555555555555554,9.444444444444445,15.0,0.0,1.34,0,0,0
2021-03-22,20.555555555555554,11.666666666666666,16.11111111111111,0.0,2.24,0,0,0
2021-03-23,21.666666666666668,11.11111111111111,16.38888888888889,0.0,4.03,0,0,0
2021-03-24,22.77777777777778,12.777777777777777,17.77777777777778,0.0,4.25,0,0,0
2021-03-25,17.77777777777778,11.11111111111111,14.444444444444445,0.0,3.8,0,0,0
2021-03-26,18.333333333333332,10.555555555555555,14.444444444444445,0.0,2.46,0,0,0
2021-03-27,24.444444444444443,9.444444444444445,16.944444444444443,0.0,1.12,0,0,0
2021-03-28,30.0,11.666666666666666,20.833333333333332,0.0,1.57,0,0,0
2021-03-29,26.666666666666664,12.222222222222221,19.444444444444443,0.0,1.12,0,0,0
2021-03-30,23.88888888888889,13.333333333333332,18.61111111111111,0.0,2.24,0,0,1
2021-03-31,31.11111111111111,12.222222222222221,21.666666666666668,0.0,0.67,0,0,0
2021-04-01,31.11111111111111,16.11111111111111,23.61111111111111,0.0,1.34,0,0,1
2021-04-02,23.88888888888889,13.333333333333332,18.61111111111111,0.0,2.01,1,0,1
2021-04-03,21.11111111111111,12.777777777777777,16.944444444444443,0.0,0.67,1,0,1
2021-04-04,24.444444444444443,11.11111111111111,17.77777777777778,0.0,1.12,0,0,0
2021-04-05,22.22222222222222,12.777777777777777,17.5,0.0,1.57,0,0,0
2021-04-06,21.11111111111111,12.222222222222221,16.666666666666668,0.0,1.12,0,0,0
2021-04-07,22.77777777777778,12.777777777777777,17.77777777777778,0.0,0.67,0,0,0
2021-04-08,23.88888888888889,12.777777777777777,18.333333333333332,0.0,1.12,0,0,0
2021-04-09,23.333333333333332,12.777777777777777,18.055555555555554,0.0,1.12,0,0,1
2021-04-10,25.0,12.777777777777777,18.88888888888889,0.0,1.79,0,0,0
2021-04-11,23.333333333333332,14.444444444444445,18.88888888888889,0.0,1.12,0,0,1
2021-04-12,20.0,14.444444444444445,17.22222222222222,0.0,1.57,0,0,0
2021-04-13,17.22222222222222,13.88888888888889,15.555555555555555,0.0,1.79,0,0,0
2021-04-14,18.333333333333332,12.222222222222221,15.277777777777777,0.0,1.34,0,0,0
2021-04-15,20.0,10.555555555555555,15.277777777777777,0.0,1.57,0,0,1
2021-04-16,21.666666666666668,13.333333333333332,17.5,0.0,1.79,0,0,1
2021-04-17,21.666666666666668,12.777777777777777,17.22222222222222,0.0,1.12,0,0,0
2021-04-18,31.666666666666664,12.777777777777777,22.22222222222222,0.0,2.01,0,0,0
2021-04-19,29.444444444444443,15.0,22.22222222222222,0.0,1.12,0,0,1
2021-04-20,23.333333333333332,13.88888888888889,18.61111111111111,0.0,2.46,0,0,1
2021-04-21,18.88888888888889,14.444444444444445,16.666666666666668,0.0,2.24,0,0,1
2021-04-22,17.22222222222222,14.444444444444445,15.833333333333332,0.0,2.46,0,0,0
2021-04-23,18.333333333333332,14.444444444444445,16.38888888888889,0.0,0.67,0,0,0
2021-04-24,18.88888888888889,13.333333333333332,16.11111111111111,0.0,1.34,0,0,0
2021-04-25,20.0,13.333333333333332,16.666666666666668,0.0,1.34,0,0,0
2021-04-26,18.333333333333332,12.777777777777777,15.555555555555555,0.0,2.91,0,0,0
2021-04-27,20.0,13.333333333333332,16.666666666666668,0.0,2.46,0,0,1
2021-04-28,26.666666666666664,11.666666666666666,19.166666666666668,0.0,1.79,0,0,0
2021-04-29,30.555555555555554,14.444444444444445,22.5,0.0,1.57,0,0,0
2021-04-30,32.22222222222222,16.11111111111111,24.166666666666664,0.0,1.12,0,0,0
2021-05-01,24.444444444444443,14.444444444444445,19.444444444444443,0.0,1.34,0,0,1
2021-05-02,21.666666666666668,15.555555555555555,18.61111111111111,0.0,1.34,0,0,0
2021-05-03,22.22222222222222,15.555555555555555,18.88888888888889,0.0,1.79,0,0,0
2021-05-04,26.11111111111111,15.555555555555555,20.833333333333332,0.0,1.12,0,0,1
2021-05-05,26.666666666666664,15.0,20.833333333333332,0.0,1.79,1,0,1
2021-05-06,22.22222222222222,15.0,18.61111111111111,0.0,1.57,0,0,1
2021-05-07,20.555555555555554,15.0,17.77777777777778,0.0,1.57,0,0,0
2021-05-08,22.22222222222222,15.555555555555555,18.88888888888889,0.0,2.01,0,0,0
2021-05-09,21.666666666666668,15.555555555555555,18.61111111111111,0.0,1.34,0,0,0
2021-05-10,20.555555555555554,16.11111111111111,18.333333333333332,0.0,1.34,0,0,0
2021-05-11,22.22222222222222,16.666666666666668,19.444444444444443,0.0,1.12,0,0,0
2021-05-12,22.77777777777778,16.11111111111111,19.444444444444443,0.0,2.01,0,0,0
2021-05-13,19.444444444444443,16.11111111111111,17.77777777777778,0.0,2.01,0,0,0
2021-05-14,22.77777777777778,15.555555555555555,19.166666666666668,0.0,2.01,0,0,0
2021-05-15,21.11111111111111,16.11111111111111,18.61111111111111,0.0,2.01,0,0,0
2021-05-16,18.88888888888889,14.444444444444445,16.666666666666668,0.0,1.12,0,0,0
2021-05-17,20.0,15.555555555555555,17.77777777777778,0.0,2.01,0,0,0
2021-05-18,22.22222222222222,15.0,18.61111111111111,0.0,1.34,0,0,0
2021-05-19,23.88888888888889,15.555555555555555,19.72222222222222,0.0,2.01,0,0,0
2021-05-20,21.666666666666668,14.444444444444445,18.055555555555554,0.0,0.67,0,0,0
2021-05-21,23.88888888888889,13.333333333333332,18.61111111111111,0.0,2.24,0,0,0
2021-05-22,21.11111111111111,12.222222222222221,16.666666666666668,0.0,2.24,0,0,0
2021-05-23,22.22222222222222,12.222222222222221,17.22222222222222,0.0,2.01,0,0,0
2021-05-24,28.88888888888889,12.777777777777777,20.833333333333332,0.0,1.57,0,0,1
2021-05-25,29.444444444444443,16.666666666666668,23.055555555555554,0.0,1.12,0,0,0
2021-05-26,26.11111111111111,17.22222222222222,21.666666666666668,0.0,1.12,0,0,1
2021-05-27,23.333333333333332,16.666666666666668,20.0,0.0,2.01,0,0,0
2021-05-28,22.77777777777778,15.0,18.88888888888889,0.0,1.57,0,0,1
2021-05-29,21.666666666666668,15.555555555555555,18.61111111111111,0.0,0.89,0,0,0
2021-05-30,21.666666666666668,16.11111111111111,18.88888888888889,0.0,1.12,0,0,0
2021-05-31,23.333333333333332,16.666666666666668,20.0,0.0,1.34,0,0,0
2021-06-01,23.88888888888889,16.11111111111111,20.0,0.0,2.01,0,0,1
2021-06-02,22.77777777777778,15.555555555555555,19.166666666666668,0.0,1.34,1,0,1
2021-06-03,25.555555555555554,16.11111111111111,20.833333333333332,0.0,2.01,0,0,0
2021-06-04,25.0,15.555555555555555,20.27777777777778,0.0,0.89,0,0,0
2021-06-05,25.555555555555554,16.666666666666668,21.11111111111111,0.0,2.24,0,0,0
2021-06-06,23.88888888888889,16.666666666666668,20.27777777777778,0.0,2.24,0,0,0
2021-06-07,21.666666666666668,16.666666666666668,19.166666666666668,0.0,1.57,0,0,1
2021-06-08,23.88888888888889,16.666666666666668,20.27777777777778,0.0,1.79,0,0,0
2021-06-09,23.88888888888889,16.11111111111111,20.0,0.0,1.79,0,0,0
2021-06-10,23.88888888888889,14.444444444444445,19.166666666666668,0.0,2.01,0,0,0
2021-06-11,27.22222222222222,15.0,21.11111111111111,0.0,1.79,0,0,0
2021-06-12,28.333333333333332,16.11111111111111,22.22222222222222,0.0,1.57,0,0,0
2021-06-13,28.88888888888889,16.11111111111111,22.5,0.0,0.89,1,0,1
2021-06-14,29.444444444444443,17.22222222222222,23.333333333333332,0.0,1.34,0,0,0
2021-06-15,32.22222222222222,18.333333333333332,25.27777777777778,0.0,1.34,0,0,1
2021-06-16,31.11111111111111,20.0,25.555555555555554,0.0,0.67,0,0,0
2021-06-17,30.555555555555554,19.444444444444443,25.0,0.508,1.12,0,0,1
2021-06-18,27.77777777777778,18.88888888888889,23.333333333333332,0.0,1.57,0,0,1
2021-06-19,25.0,17.77777777777778,21.38888888888889,0.0,1.79,0,0,1
2021-06-20,25.555555555555554,17.22222222222222,21.38888888888889,0.0,1.34,1,0,1
2021-06-21,27.77777777777778,17.77777777777778,22.77777777777778,0.0,1.34,0,0,1
2021-06-22,24.444444444444443,16.666666666666668,20.555555555555554,0.0,1.34,0,0,0
2021-06-23,27.22222222222222,17.22222222222222,22.22222222222222,0.0,2.24,0,0,0
2021-06-24,23.333333333333332,16.666666666666668,20.0,0.0,2.91,0,0,0
2021-06-25,26.11111111111111,16.11111111111111,21.11111111111111,0.0,1.57,0,0,0
2021-06-26,27.22222222222222,17.22222222222222,22.22222222222222,0.0,0.45,0,0,0
2021-06-27,26.666666666666664,18.333333333333332,22.5,0.0,1.12,0,0,0
2021-06-28,27.22222222222222,18.88888888888889,23.055555555555554,0.0,1.12,0,0,1
2021-06-29,27.22222222222222,19.444444444444443,23.333333333333332,0.0,0.89,0,0,0
2021-06-30,27.22222222222222,18.88888888888889,23.055555555555554,0.0,0.89,0,0,0
2021-07-01,28.333333333333332,18.88888888888889,23.61111111111111,0.0,1.34,0,0,1
2021-07-02,28.333333333333332,17.77777777777778,23.055555555555554,0.0,1.34,1,0,1
2021-07-03,27.22222222222222,17.77777777777778,22.5,0.0,0.89,1,0,1
2021-07-04,27.22222222222222,17.22222222222222,22.22222222222222,0.0,1.34,0,0,1
2021-07-05,27.22222222222222,16.666666666666668,21.944444444444443,0.0,1.34,0,0,1
2021-07-06,27.22222222222222,17.22222222222222,22.22222222222222,0.0,1.57,0,0,1
2021-07-07,26.666666666666664,18.333333333333332,22.5,0.0,1.34,0,0,1
2021-07-08,28.88888888888889,20.0,24.444444444444443,0.0,1.34,0,0,0
2021-07-09,30.0,20.0,25.0,0.0,1.12,0,0,0
2021-07-10,29.444444444444443,20.555555555555554,25.0,0.0,1.57,0,0,0
2021-07-11,30.0,20.0,25.0,0.0,1.12,0,0,1
2021-07-12,28.333333333333332,20.555555555555554,24.444444444444443,0.0,1.79,0,0,1
2021-07-13,27.77777777777778,20.555555555555554,24.166666666666664,2.54,1.34,1,0,1
2021-07-14,29.444444444444443,19.444444444444443,24.444444444444443,0.0,1.79,0,0,1
2021-07-15,28.88888888888889,19.444444444444443,24.166666666666664,0.0,2.01,0,0,0
2021-07-16,27.77777777777778,19.444444444444443,23.61111111111111,0.0,1.79,0,0,1
2021-07-17,29.444444444444443,18.88888888888889,24.166666666666664,0.0,2.01,0,0,0
2021-07-18,31.11111111111111,19.444444444444443,25.27777777777778,0.0,1.57,0,0,0
2021-07-19,30.555555555555554,20.555555555555554,25.555555555555554,0.0,1.57,0,0,0
2021-07-20,30.555555555555554,20.0,25.27777777777778,0.0,1.79,0,0,0
2021-07-21,32.22222222222222,20.0,26.11111111111111,0.0,0.67,0,0,1
2021-07-22,30.555555555555554,21.11111111111111,25.833333333333332,0.0,1.34,0,0,1
2021-07-23,30.0,19.444444444444443,24.72222222222222,0.0,1.79,0,0,0
2021-07-24,26.666666666666664,20.0,23.333333333333332,0.0,0.67,0,0,1
2021-07-25,28.333333333333332,19.444444444444443,23.88888888888889,0.0,2.01,0,0,0
2021-07-26,25.0,19.444444444444443,22.22222222222222,3.0479999999999996,2.01,1,0,1
2021-07-27,25.555555555555554,18.88888888888889,22.22222222222222,0.0,2.01,0,0,1
2021-07-28,28.333333333333332,18.333333333333332,23.333333333333332,0.0,1.57,1,0,1
2021-07-29,27.77777777777778,18.333333333333332,23.055555555555554,0.0,1.79,0,0,1
2021-07-30,27.77777777777778,17.77777777777778,22.77777777777778,0.0,1.79,0,0,1
2021-07-31,26.666666666666664,17.77777777777778,22.22222222222222,0.0,1.79,1,0,1
2021-08-01,30.0,17.77777777777778,23.88888888888889,0.0,1.12,0,0,1
2021-08-02,33.333333333333336,17.77777777777778,25.555555555555554,0.0,1.34,0,0,1
2021-08-03,31.666666666666664,18.333333333333332,25.0,0.0,1.12,0,0,1
2021-08-04,28.88888888888889,18.88888888888889,23.88888888888889,0.0,1.79,0,0,1
2021-08-05,29.444444444444443,19.444444444444443,24.444444444444443,0.0,0.67,0,0,1
2021-08-06,28.333333333333332,19.444444444444443,23.88888888888889,0.0,0.67,0,0,1
2021-08-07,28.333333333333332,19.444444444444443,23.88888888888889,0.0,1.34,0,0,1
2021-08-08,27.22222222222222,18.88888888888889,23.055555555555554,0.0,1.79,0,0,1
2021-08-09,30.0,18.88888888888889,24.444444444444443,0.0,1.57,0,0,1
2021-08-10,28.88888888888889,17.77777777777778,23.333333333333332,0.0,1.34,1,0,1
2021-08-11,31.666666666666664,18.88888888888889,25.27777777777778,0.0,1.12,0,0,1
2021-08-12,33.333333333333336,20.555555555555554,26.944444444444443,0.0,1.12,0,0,1
2021-08-13,32.22222222222222,20.555555555555554,26.38888888888889,0.0,0.89,0,0,1
2021-08-14,30.555555555555554,20.0,25.27777777777778,0.0,1.34,0,0,1
2021-08-15,31.11111111111111,19.444444444444443,25.27777777777778,0.0,1.12,0,0,1
2021-08-16,31.666666666666664,20.555555555555554,26.11111111111111,0.0,1.34,0,0,1
2021-08-17,30.0,21.11111111111111,25.555555555555554,0.0,1.34,0,0,1
2021-08-18,25.555555555555554,20.555555555555554,23.055555555555554,0.0,1.57,0,0,1
2021-08-19,26.11111111111111,18.88888888888889,22.5,0.0,1.12,0,0,0
2021-08-20,25.0,18.88888888888889,21.944444444444443,0.0,1.79,0,0,0
2021-08-21,24.444444444444443,17.77777777777778,21.11111111111111,0.0,1.57,1,0,1
2021-08-22,23.88888888888889,17.77777777777778,20.833333333333332,0.0,1.79,0,0,0
2021-08-23,25.0,17.22222222222222,21.11111111111111,0.0,1.12,0,0,1
2021-08-24,25.555555555555554,16.11111111111111,20.833333333333332,0.0,2.01,0,0,0
2021-08-25,28.333333333333332,17.22222222222222,22.77777777777778,0.0,0.89,0,0,0
2021-08-26,32.77777777777778,17.77777777777778,25.27777777777778,0.0,1.34,0,0,1
2021-08-27,29.444444444444443,16.666666666666668,23.055555555555554,0.0,1.57,1,0,1
2021-08-28,27.22222222222222,15.555555555555555,21.38888888888889,0.0,1.57,1,0,1
2021-08-29,25.555555555555554,16.11111111111111,20.833333333333332,0.0,0.89,1,0,1
2021-08-30,27.22222222222222,17.22222222222222,22.22222222222222,0.0,1.79,1,0,1
2021-08-31,23.88888888888889,17.77777777777778,20.833333333333332,0.0,1.12,0,0,1
2021-09-01,25.0,18.333333333333332,21.666666666666668,0.0,1.12,0,0,1
2021-09-02,24.444444444444443,17.22222222222222,20.833333333333332,0.0,1.12,0,0,0
2021-09-03,25.0,17.22222222222222,21.11111111111111,0.0,1.34,1,0,1
2021-09-04,31.11111111111111,16.11111111111111,23.61111111111111,0.0,1.57,0,0,0
2021-09-05,34.44444444444444,16.666666666666668,25.555555555555554,0.0,1.57,0,0,1
2021-09-06,30.0,20.0,25.0,0.0,1.34,0,0,1
2021-09-07,28.88888888888889,19.444444444444443,24.166666666666664,0.0,1.34,1,0,1
2021-09-08,28.88888888888889,17.77777777777778,23.333333333333332,0.0,1.34,1,0,1
2021-09-09,31.666666666666664,17.77777777777778,24.72222222222222,0.0,2.01,0,0,0
2021-09-10,28.333333333333332,18.333333333333332,23.333333333333332,0.254,1.34,0,0,0
2021-09-11,31.11111111111111,19.444444444444443,25.27777777777778,0.0,1.34,0,0,0
2021-09-12,29.444444444444443,16.11111111111111,22.77777777777778,0.0,1.12,1,0,0
2021-09-13,26.666666666666664,15.0,20.833333333333332,0.0,1.12,1,0,1
2021-09-14,26.666666666666664,13.88888888888889,20.27777777777778,0.0,1.34,1,0,1
2021-09-15,24.444444444444443,16.11111111111111,20.27777777777778,0.0,1.79,1,0,1
2021-09-16,23.333333333333332,15.555555555555555,19.444444444444443,0.0,1.12,0,0,1
2021-09-17,23.88888888888889,15.555555555555555,19.72222222222222,0.0,1.57,0,0,1
2021-09-18,22.77777777777778,15.0,18.88888888888889,0.0,2.01,0,0,0
2021-09-19,24.444444444444443,15.0,19.72222222222222,0.0,0.89,0,0,1
2021-09-20,28.88888888888889,16.666666666666668,22.77777777777778,0.0,0.67,1,0,1
2021-09-21,34.44444444444444,17.77777777777778,26.11111111111111,0.0,1.12,0,0,0
2021-09-22,31.11111111111111,19.444444444444443,25.27777777777778,0.0,0.89,0,0,0
2021-09-23,27.22222222222222,16.11111111111111,21.666666666666668,0.0,1.12,1,0,0
2021-09-24,24.444444444444443,15.555555555555555,20.0,0.0,0.89,1,0,1
2021-09-25,23.333333333333332,16.11111111111111,19.72222222222222,0.0,2.46,1,0,1
2021-09-26,20.555555555555554,17.22222222222222,18.88888888888889,0.0,1.57,0,0,0
2021-09-27,20.0,17.22222222222222,18.61111111111111,0.0,0.67,0,0,0
2021-09-28,22.22222222222222,16.666666666666668,19.444444444444443,0.0,1.12,0,0,0
2021-09-29,22.77777777777778,15.0,18.88888888888889,0.0,1.57,0,0,0
2021-09-30,30.0,14.444444444444445,22.22222222222222,0.0,1.12,0,0,1
2021-10-01,32.22222222222222,15.0,23.61111111111111,0.0,1.12,0,0,1
2021-10-02,32.77777777777778,14.444444444444445,23.61111111111111,0.0,1.12,0,0,0
2021-10-03,33.888888888888886,16.11111111111111,25.0,0.0,0.89,0,0,0
2021-10-04,30.0,18.88888888888889,24.444444444444443,2.54,0.89,0,0,1
2021-10-05,27.22222222222222,17.77777777777778,22.5,0.508,2.01,0,0,0
2021-10-06,23.333333333333332,16.666666666666668,20.0,0.0,1.34,1,0,1
2021-10-07,21.666666666666668,17.77777777777778,19.72222222222222,0.0,0.22,0,0,1
2021-10-08,20.555555555555554,15.555555555555555,18.055555555555554,0.254,2.01,0,0,0
2021-10-09,21.666666666666668,12.777777777777777,17.22222222222222,0.0,0.89,0,0,0
2021-10-10,26.11111111111111,12.777777777777777,19.444444444444443,0.0,0.89,0,0,0
2021-10-11,22.77777777777778,13.88888888888889,18.333333333333332,0.0,3.13,1,0,1
2021-10-12,21.11111111111111,13.333333333333332,17.22222222222222,0.0,3.58,0,0,0
2021-10-13,22.77777777777778,10.555555555555555,16.666666666666668,0.0,1.57,0,0,1
2021-10-14,24.444444444444443,11.11111111111111,17.77777777777778,0.0,1.12,0,0,0
2021-10-15,31.11111111111111,12.777777777777777,21.944444444444443,0.0,0.89,0,0,0
2021-10-16,30.555555555555554,14.444444444444445,22.5,0.0,1.57,0,0,0
2021-10-17,23.88888888888889,12.222222222222221,18.055555555555554,0.0,2.01,0,0,0
2021-10-18,19.444444444444443,14.444444444444445,16.944444444444443,1.016,2.01,1,0,0
2021-10-19,20.555555555555554,11.666666666666666,16.11111111111111,0.0,1.57,0,0,1
2021-10-20,21.666666666666668,11.666666666666666,16.666666666666668,0.0,1.12,0,0,0
2021-10-21,24.444444444444443,11.11111111111111,17.77777777777778,0.0,1.12,1,0,0
2021-10-22,20.0,13.88888888888889,16.944444444444443,0.0,1.57,1,0,1
2021-10-23,20.555555555555554,15.555555555555555,18.055555555555554,1.27,1.57,1,0,1
2021-10-24,21.666666666666668,15.0,18.333333333333332,0.0,0.67,0,0,0
2021-10-25,16.11111111111111,12.222222222222221,14.166666666666666,12.446,2.68,1,0,0
2021-10-26,21.11111111111111,10.0,15.555555555555555,0.0,0.22,1,0,0
2021-10-27,27.77777777777778,11.11111111111111,19.444444444444443,0.0,0.89,0,0,0
2021-10-28,31.11111111111111,14.444444444444445,22.77777777777778,0.0,0.89,0,0,1
2021-10-29,29.444444444444443,15.0,22.22222222222222,0.0,1.12,1,0,0
2021-10-30,21.666666666666668,14.444444444444445,18.055555555555554,0.0,0.89,1,1,1
2021-10-31,20.0,13.88888888888889,16.944444444444443,0.0,0.45,1,0,1
2021-11-01,18.88888888888889,12.777777777777777,15.833333333333332,0.0,0.45,1,0,1
2021-11-02,20.0,12.222222222222221,16.11111111111111,0.0,0.67,1,0,1
2021-11-03,21.666666666666668,13.333333333333332,17.5,0.0,1.12,1,0,1
2021-11-04,21.666666666666668,13.88888888888889,17.77777777777778,0.0,0.89,1,1,1
2021-11-05,22.22222222222222,13.333333333333332,17.77777777777778,0.0,1.12,1,1,1
2021-11-06,20.555555555555554,13.333333333333332,16.944444444444443,0.0,1.57,1,0,1
2021-11-07,18.88888888888889,12.222222222222221,15.555555555555555,0.0,1.34,1,0,1
2021-11-08,20.555555555555554,12.777777777777777,16.666666666666668,0.0,1.79,1,0,1
2021-11-09,18.88888888888889,12.777777777777777,15.833333333333332,0.0,1.57,1,0,1
2021-11-10,23.333333333333332,15.0,19.166666666666668,0.0,0.89,1,0,1
2021-11-11,29.444444444444443,13.333333333333332,21.38888888888889,0.0,0.45,0,0,0
2021-11-12,32.22222222222222,14.444444444444445,23.333333333333332,0.0,0.45,0,0,0
2021-11-13,32.22222222222222,16.666666666666668,24.444444444444443,0.0,1.12,0,0,0
2021-11-14,31.666666666666664,13.333333333333332,22.5,0.0,0.89,0,0,0
2021-11-15,27.22222222222222,13.333333333333332,20.27777777777778,0.0,1.12,1,0,0
2021-11-16,19.444444444444443,13.333333333333332,16.38888888888889,0.0,1.12,1,0,1
2021-11-17,20.0,12.777777777777777,16.38888888888889,0.0,1.34,1,0,1
2021-11-18,18.88888888888889,11.11111111111111,15.0,0.0,0.89,1,0,1
2021-11-19,19.444444444444443,13.333333333333332,16.38888888888889,0.0,0.67,1,0,1
2021-11-20,18.333333333333332,12.222222222222221,15.277777777777777,0.0,0.89,1,0,1
2021-11-21,28.88888888888889,10.0,19.444444444444443,0.0,0.67,1,0,1
2021-11-22,28.333333333333332,11.666666666666666,20.0,0.0,1.12,0,0,0
2021-11-23,23.333333333333332,13.333333333333332,18.333333333333332,0.0,0.22,0,0,1
2021-11-24,22.22222222222222,11.11111111111111,16.666666666666668,0.0,2.01,0,0,0
2021-11-25,24.444444444444443,8.333333333333334,16.38888888888889,0.0,0.22,0,0,0
2021-11-26,24.444444444444443,8.333333333333334,16.38888888888889,0.0,0.89,0,0,0
2021-11-27,25.0,9.444444444444445,17.22222222222222,0.0,0.89,0,0,0
2021-11-28,24.444444444444443,9.444444444444445,16.944444444444443,0.0,0.67,1,0,0
2021-11-29,24.444444444444443,10.0,17.22222222222222,0.0,0.67,1,0,1
2021-11-30,20.0,9.444444444444445,14.722222222222221,0.0,0.22,1,0,1
2021-12-01,22.77777777777778,9.444444444444445,16.11111111111111,0.0,0.0,1,1,1
2021-12-02,17.22222222222222,10.555555555555555,13.88888888888889,0.0,0.89,1,1,1
2021-12-03,17.22222222222222,11.666666666666666,14.444444444444445,0.0,0.67,1,0,1
2021-12-04,17.77777777777778,12.222222222222221,15.0,0.0,1.12,1,0,1
2021-12-05,18.333333333333332,10.555555555555555,14.444444444444445,0.0,0.89,1,0,1
2021-12-06,19.444444444444443,8.333333333333334,13.88888888888889,0.0,0.22,1,0,1
2021-12-07,17.77777777777778,12.222222222222221,15.0,0.254,1.79,1,0,1
2021-12-08,18.88888888888889,10.0,14.444444444444445,0.0,0.89,1,0,1
2021-12-09,15.0,11.11111111111111,13.055555555555555,3.0479999999999996,2.01,1,0,1
2021-12-10,16.666666666666668,7.777777777777778,12.222222222222221,0.0,0.89,0,0,0
2021-12-11,19.444444444444443,8.333333333333334,13.88888888888889,0.0,1.57,0,0,0
2021-12-12,17.77777777777778,6.111111111111111,11.944444444444445,0.0,0.67,0,0,0
2021-12-13,15.0,8.333333333333334,11.666666666666666,0.7619999999999999,3.36,1,0,0
2021-12-14,14.444444444444445,6.111111111111111,10.277777777777777,54.864,3.58,1,1,0
2021-12-15,13.88888888888889,3.888888888888889,8.88888888888889,0.0,1.12,0,0,0
2021-12-16,14.444444444444445,4.444444444444445,9.444444444444445,0.7619999999999999,1.34,1,0,1
2021-12-17,18.88888888888889,7.222222222222222,13.055555555555555,0.0,0.22,1,0,1
2021-12-18,20.555555555555554,5.555555555555555,13.055555555555555,0.0,0.89,0,0,0
2021-12-19,18.333333333333332,5.555555555555555,11.944444444444445,0.0,1.12,1,0,0
2021-12-20,18.88888888888889,5.0,11.944444444444445,0.0,0.0,1,0,1
2021-12-21,20.555555555555554,10.0,15.277777777777777,0.0,0.22,0,0,1
2021-12-22,17.77777777777778,8.333333333333334,13.055555555555555,0.0,0.0,0,0,0
2021-12-23,14.444444444444445,11.11111111111111,12.777777777777777,42.163999999999994,4.92,1,0,1
2021-12-24,16.11111111111111,11.11111111111111,13.61111111111111,7.365999999999999,2.24,1,0,0
2021-12-25,13.333333333333332,10.0,11.666666666666666,13.716,1.57,1,0,1
2021-12-26,15.0,6.666666666666666,10.833333333333334,1.778,0.22,1,0,0
2021-12-27,12.777777777777777,5.555555555555555,9.166666666666666,6.095999999999999,1.34,1,0,1
2021-12-28,12.777777777777777,5.555555555555555,9.166666666666666,0.0,1.12,1,0,0
2021-12-29,11.666666666666666,7.777777777777778,9.722222222222221,44.196,4.47,1,0,0
2021-12-30,12.777777777777777,10.555555555555555,11.666666666666666,65.27799999999999,4.92,1,0,0
2021-12-31,15.0,7.222222222222222,11.11111111111111,0.0,0.89,1,0,0
2022-01-01,16.666666666666668,7.222222222222222,11.944444444444445,0.0,1.12,0,0,1
2022-01-02,17.77777777777778,6.111111111111111,11.944444444444445,0.0,1.79,0,0,0
2022-01-03,16.666666666666668,5.555555555555555,11.11111111111111,0.0,1.34,0,0,0
2022-01-04,17.22222222222222,5.555555555555555,11.38888888888889,0.0,0.22,0,0,1
2022-01-05,20.555555555555554,6.111111111111111,13.333333333333332,0.0,0.22,1,0,1
2022-01-06,21.666666666666668,7.777777777777778,14.722222222222221,0.0,0.0,1,0,1
2022-01-07,13.333333333333332,8.88888888888889,11.11111111111111,0.0,0.89,1,1,1
2022-01-08,17.22222222222222,8.88888888888889,13.055555555555555,0.0,0.89,1,0,1
2022-01-09,23.88888888888889,7.222222222222222,15.555555555555555,0.0,0.0,1,0,1
2022-01-10,22.77777777777778,10.555555555555555,16.666666666666668,0.0,1.57,0,0,0
2022-01-11,25.555555555555554,10.0,17.77777777777778,0.0,1.12,0,0,0
2022-01-12,24.444444444444443,8.333333333333334,16.38888888888889,0.0,0.67,0,0,0
2022-01-13,20.555555555555554,13.333333333333332,16.944444444444443,0.0,0.67,0,0,0
2022-01-14,23.333333333333332,10.555555555555555,16.944444444444443,0.0,0.67,0,0,0
2022-01-15,20.0,11.666666666666666,15.833333333333332,0.254,0.45,0,0,0
2022-01-16,23.88888888888889,15.555555555555555,19.72222222222222,0.0,1.34,0,0,0
2022-01-17,17.77777777777778,13.88888888888889,15.833333333333332,4.571999999999999,1.12,1,0,0
2022-01-18,18.333333333333332,12.222222222222221,15.277777777777777,0.0,0.89,1,0,1
2022-01-19,17.77777777777778,11.11111111111111,14.444444444444445,0.0,0.45,1,0,1
2022-01-20,23.333333333333332,8.333333333333334,15.833333333333332,0.0,1.12,1,0,1
2022-01-21,21.11111111111111,8.333333333333334,14.722222222222221,0.0,2.01,0,0,1
2022-01-22,22.22222222222222,10.0,16.11111111111111,0.0,2.01,0,0,0
2022-01-23,22.77777777777778,9.444444444444445,16.11111111111111,0.0,1.12,0,0,0
2022-01-24,21.666666666666668,8.333333333333334,15.0,0.0,1.12,1,0,0
2022-01-25,19.444444444444443,8.333333333333334,13.88888888888889,0.0,0.67,1,0,1
2022-01-26,21.666666666666668,7.222222222222222,14.444444444444445,0.0,0.67,1,0,1
2022-01-27,21.11111111111111,7.777777777777778,14.444444444444445,0.0,0.67,0,0,1
2022-01-28,22.77777777777778,7.777777777777778,15.277777777777777,0.0,1.79,0,0,0
2022-01-29,20.0,10.555555555555555,15.277777777777777,0.0,0.67,0,0,0
2022-01-30,21.11111111111111,6.111111111111111,13.61111111111111,0.0,1.34,0,0,0
2022-01-31,17.22222222222222,7.777777777777778,12.5,0.0,0.45,1,0,1
2022-02-01,17.22222222222222,10.0,13.61111111111111,0.0,1.57,1,0,1
2022-02-02,18.333333333333332,7.222222222222222,12.777777777777777,0.0,0.0,1,0,1
2022-02-03,18.333333333333332,5.555555555555555,11.944444444444445,0.0,0.335,0,0,0
2022-02-04,21.11111111111111,6.666666666666666,13.88888888888889,0.0,0.67,0,0,0
2022-02-05,21.11111111111111,5.555555555555555,13.333333333333332,0.0,0.45,0,0,1
2022-02-06,23.88888888888889,6.111111111111111,15.0,0.0,0.8966666666666667,0,0,0
2022-02-07,24.444444444444443,8.333333333333334,16.38888888888889,0.0,1.3433333333333335,0,0,0
2022-02-08,26.11111111111111,10.555555555555555,18.333333333333332,0.0,1.79,0,0,0
2022-02-09,28.333333333333332,10.0,19.166666666666668,0.0,0.45,0,0,0
2022-02-10,28.333333333333332,12.777777777777777,20.555555555555554,0.0,1.12,0,0,1
2022-02-11,27.77777777777778,11.666666666666666,19.72222222222222,0.0,0.67,0,0,0
2022-02-12,30.0,11.11111111111111,20.555555555555554,0.0,1.12,0,0,0
2022-02-13,28.88888888888889,12.222222222222221,20.555555555555554,0.0,1.12,0,0,0
2022-02-14,23.88888888888889,10.0,16.944444444444443,0.0,1.12,0,0,0
2022-02-15,15.555555555555555,10.0,12.777777777777777,1.5239999999999998,3.8,1,0,1
2022-02-16,17.77777777777778,7.777777777777778,12.777777777777777,0.0,2.24,0,0,0
2022-02-17,20.555555555555554,8.333333333333334,14.444444444444445,0.0,1.12,1,0,1
2022-02-18,21.666666666666668,8.88888888888889,15.277777777777777,0.0,1.57,0,0,0
2022-02-19,22.77777777777778,8.88888888888889,15.833333333333332,0.0,1.34,0,0,0
2022-02-20,18.333333333333332,9.444444444444445,13.88888888888889,0.0,1.34,1,0,1
2022-02-21,15.0,10.555555555555555,12.777777777777777,0.0,1.57,0,0,0
2022-02-22,14.444444444444445,7.777777777777778,11.11111111111111,0.0,4.25,0,0,0
2022-02-23,13.333333333333332,6.111111111111111,9.722222222222221,0.0,2.46,0,0,0
2022-02-24,15.555555555555555,2.7777777777777777,9.166666666666666,0.0,2.01,0,0,0
2022-02-25,16.666666666666668,5.0,10.833333333333334,0.0,1.57,0,0,1
2022-02-26,20.0,5.0,12.5,0.0,1.12,0,0,0
2022-02-27,23.333333333333332,8.333333333333334,15.833333333333332,0.0,1.12,0,0,0
2022-02-28,27.22222222222222,8.333333333333334,17.77777777777778,0.0,0.67,0,0,1
2022-03-01,27.77777777777778,10.0,18.88888888888889,0.0,0.89,0,0,1
2022-03-02,26.666666666666664,10.0,18.333333333333332,0.0,0.67,0,0,1
2022-03-03,20.0,10.0,15.0,0.0,2.68,1,0,1
2022-03-04,17.22222222222222,11.11111111111111,14.166666666666666,0.0,2.68,0,0,1
2022-03-05,15.0,8.88888888888889,11.944444444444445,2.032,2.24,0,0,0
2022-03-06,16.11111111111111,6.111111111111111,11.11111111111111,0.0,2.01,0,0,0
2022-03-07,20.0,6.666666666666666,13.333333333333332,0.0,1.12,0,0,1
2022-03-08,20.0,7.222222222222222,13.61111111111111,0.0,1.34,0,0,1
2022-03-09,19.444444444444443,8.333333333333334,13.88888888888889,0.0,1.57,0,0,0
2022-03-10,18.88888888888889,11.666666666666666,15.277777777777777,0.0,2.01,0,0,0
2022-03-11,21.666666666666668,7.777777777777778,14.722222222222221,0.0,1.34,0,0,0
2022-03-12,24.444444444444443,10.0,17.22222222222222,0.0,2.24,0,0,0
2022-03-13,20.555555555555554,10.555555555555555,15.555555555555555,0.0,2.01,0,0,0
2022-03-14,21.666666666666668,12.222222222222221,16.944444444444443,0.0,2.68,0,0,0
2022-03-15,22.22222222222222,11.11111111111111,16.666666666666668,0.0,1.12,0,0,0
2022-03-16,26.666666666666664,12.777777777777777,19.72222222222222,0.0,3.36,1,0,1
2022-03-17,25.555555555555554,11.666666666666666,18.61111111111111,0.0,1.34,0,0,0
2022-03-18,25.0,11.666666666666666,18.333333333333332,0.0,0.89,0,0,0
2022-03-19,19.444444444444443,12.777777777777777,16.11111111111111,0.254,1.79,1,0,1
2022-03-20,23.333333333333332,11.666666666666666,17.5,0.0,4.7,0,0,0
2022-03-21,23.333333333333332,12.777777777777777,18.055555555555554,0.0,2.01,0,0,1
2022-03-22,28.88888888888889,11.666666666666666,20.27777777777778,0.0,0.89,0,0,0
2022-03-23,29.444444444444443,13.88888888888889,21.666666666666668,0.0,2.01,0,0,0
2022-03-24,26.11111111111111,13.333333333333332,19.72222222222222,0.0,1.12,0,0,0
2022-03-25,22.22222222222222,11.11111111111111,16.666666666666668,0.0,1.12,1,0,0
2022-03-26,21.666666666666668,12.222222222222221,16.944444444444443,0.0,0.0,0,0,0
2022-03-27,20.555555555555554,13.333333333333332,16.944444444444443,0.0,2.24,0,0,0
2022-03-28,15.555555555555555,11.666666666666666,13.61111111111111,33.528,3.36,1,0,0
2022-03-29,17.77777777777778,10.0,13.88888888888889,0.0,0.0,0,0,0
2022-03-30,20.0,12.222222222222221,16.11111111111111,0.0,2.01,0,0,0
2022-03-31,17.22222222222222,12.777777777777777,15.0,0.0,0.89,0,0,0
2022-04-01,19.444444444444443,11.11111111111111,15.277777777777777,0.0,1.34,0,0,0
2022-04-02,18.333333333333332,12.222222222222221,15.277777777777777,0.0,2.01,0,0,0
2022-04-03,18.333333333333332,12.222222222222221,15.277777777777777,0.0,2.68,0,0,0
2022-04-04,20.555555555555554,12.222222222222221,16.38888888888889,0.0,1.12,0,0,1
2022-04-05,25.555555555555554,12.222222222222221,18.88888888888889,0.0,1.12,0,0,1
2022-04-06,31.11111111111111,13.88888888888889,22.5,0.0,1.12,1,0,1
2022-04-07,35.0,15.555555555555555,25.27777777777778,0.0,0.89,0,0,0
2022-04-08,35.0,17.77777777777778,26.38888888888889,0.0,1.57,0,0,0
2022-04-09,27.22222222222222,16.666666666666668,21.944444444444443,0.0,1.57,0,0,0
2022-04-10,20.555555555555554,15.0,17.77777777777778,0.0,1.34,0,0,1
2022-04-11,18.88888888888889,12.777777777777777,15.833333333333332,0.0,1.57,0,0,1
2022-04-12,20.0,10.555555555555555,15.277777777777777,0.0,6.71,0,0,0
2022-04-13,20.0,11.11111111111111,15.555555555555555,0.0,2.46,0,0,0
2022-04-14,20.0,10.555555555555555,15.277777777777777,0.0,1.57,0,0,0
2022-04-15,21.11111111111111,12.222222222222221,16.666666666666668,0.0,2.24,0,0,1
2022-04-16,19.444444444444443,11.666666666666666,15.555555555555555,0.0,3.13,0,0,0
2022-04-17,19.444444444444443,11.666666666666666,15.555555555555555,0.0,1.12,1,0,0
2022-04-18,23.333333333333332,11.666666666666666,17.5,0.0,1.57,0,0,0
2022-04-19,21.666666666666668,13.88888888888889,17.77777777777778,0.0,1.79,0,0,0
2022-04-20,20.555555555555554,12.777777777777777,16.666666666666668,0.0,2.91,0,0,1
2022-04-21,19.444444444444443,11.666666666666666,15.555555555555555,7.112,4.25,1,0,1
2022-04-22,18.333333333333332,12.222222222222221,15.277777777777777,1.27,3.58,1,0,0
2022-04-23,22.22222222222222,11.666666666666666,16.944444444444443,0.0,2.24,0,0,0
2022-04-24,28.88888888888889,12.777777777777777,20.833333333333332,0.0,1.79,0,0,1
2022-04-25,31.666666666666664,15.0,23.333333333333332,0.0,1.79,0,0,0
2022-04-26,27.22222222222222,15.0,21.11111111111111,0.0,1.79,0,0,0
2022-04-27,22.22222222222222,13.333333333333332,17.77777777777778,0.0,2.68,0,0,1
2022-04-28,18.88888888888889,12.777777777777777,15.833333333333332,0.0,1.79,0,0,1
2022-04-29,21.11111111111111,11.666666666666666,16.38888888888889,0.0,2.01,0,0,1
2022-04-30,23.88888888888889,12.222222222222221,18.055555555555554,0.0,1.79,0,0,0
2022-05-01,22.77777777777778,13.88888888888889,18.333333333333332,0.0,1.34,0,0,0
2022-05-02,21.11111111111111,14.444444444444445,17.77777777777778,0.0,1.79,0,0,0
2022-05-03,20.555555555555554,14.444444444444445,17.5,0.0,1.79,0,0,0
2022-05-04,23.88888888888889,13.88888888888889,18.88888888888889,0.0,1.12,1,0,1
2022-05-05,23.88888888888889,13.333333333333332,18.61111111111111,0.0,2.01,1,0,1
2022-05-06,23.88888888888889,12.777777777777777,18.333333333333332,0.0,0.89,1,0,1
2022-05-07,23.333333333333332,15.0,19.166666666666668,0.0,1.57,0,0,0
2022-05-08,20.0,13.88888888888889,16.944444444444443,0.0,1.57,0,0,1
2022-05-09,20.555555555555554,12.222222222222221,16.38888888888889,0.0,2.46,0,0,1
2022-05-10,20.0,10.555555555555555,15.277777777777777,0.0,2.68,0,0,0
2022-05-11,21.11111111111111,10.555555555555555,15.833333333333332,0.0,4.7,0,0,1
2022-05-12,26.11111111111111,11.666666666666666,18.88888888888889,0.0,2.46,0,0,1
2022-05-13,30.555555555555554,13.88888888888889,22.22222222222222,0.0,2.24,0,0,0
2022-05-14,31.666666666666664,16.11111111111111,23.88888888888889,0.0,1.34,0,0,0
2022-05-15,28.88888888888889,15.0,21.944444444444443,0.0,1.34,0,0,1
2022-05-16,21.11111111111111,14.444444444444445,17.77777777777778,0.0,1.12,0,0,1
2022-05-17,21.666666666666668,13.88888888888889,17.77777777777778,0.0,2.01,0,0,1
2022-05-18,21.11111111111111,13.88888888888889,17.5,0.0,1.34,1,0,1
2022-05-19,19.444444444444443,15.0,17.22222222222222,0.0,1.34,1,0,1
2022-05-20,20.555555555555554,14.444444444444445,17.5,0.0,1.12,0,0,0
2022-05-21,20.555555555555554,13.88888888888889,17.22222222222222,0.0,1.79,0,0,0
2022-05-22,20.555555555555554,12.222222222222221,16.38888888888889,0.0,2.68,0,0,0
2022-05-23,20.555555555555554,12.777777777777777,16.666666666666668,0.0,1.12,0,0,1
2022-05-24,21.666666666666668,15.0,18.333333333333332,0.0,1.12,1,0,1
2022-05-25,22.77777777777778,15.0,18.88888888888889,0.0,1.12,1,0,1
2022-05-26,23.88888888888889,15.555555555555555,19.72222222222222,0.0,2.01,0,0,1
2022-05-27,21.666666666666668,15.0,18.333333333333332,0.0,2.24,0,0,0
2022-05-28,20.0,14.444444444444445,17.22222222222222,0.0,1.34,0,0,0
2022-05-29,22.22222222222222,13.88888888888889,18.055555555555554,0.0,1.57,0,0,0
2022-05-30,22.22222222222222,14.444444444444445,18.333333333333332,0.0,2.24,0,0,0
2022-05-31,23.333333333333332,13.88888888888889,18.61111111111111,0.0,1.57,0,0,0
2022-06-01,26.666666666666664,14.444444444444445,20.555555555555554,0.0,1.12,1,0,1
2022-06-02,26.11111111111111,15.555555555555555,20.833333333333332,0.0,2.01,0,0,1
2022-06-03,22.77777777777778,15.555555555555555,19.166666666666668,0.0,1.57,0,0,0
2022-06-04,21.11111111111111,16.11111111111111,18.61111111111111,0.0,1.34,0,0,0
2022-06-05,23.88888888888889,15.555555555555555,19.72222222222222,0.0,1.34,0,0,0
2022-06-06,25.0,17.22222222222222,21.11111111111111,0.0,1.57,0,0,0
2022-06-07,24.444444444444443,17.22222222222222,20.833333333333332,0.0,1.57,1,0,1
2022-06-08,23.88888888888889,17.22222222222222,20.555555555555554,0.0,2.24,1,0,1
2022-06-09,26.666666666666664,17.22222222222222,21.944444444444443,0.0,1.12,1,0,1
2022-06-10,27.22222222222222,17.22222222222222,22.22222222222222,0.0,1.34,1,0,1
2022-06-11,26.666666666666664,17.22222222222222,21.944444444444443,0.0,1.34,1,0,1
2022-06-12,25.555555555555554,16.666666666666668,21.11111111111111,0.0,1.34,1,0,1
2022-06-13,25.0,17.77777777777778,21.38888888888889,0.0,2.01,0,0,0
2022-06-14,25.555555555555554,17.22222222222222,21.38888888888889,0.0,0.89,0,0,0
2022-06-15,27.22222222222222,17.22222222222222,22.22222222222222,0.0,2.01,0,0,1
2022-06-16,27.22222222222222,17.77777777777778,22.5,0.0,2.24,0,0,1
2022-06-17,24.444444444444443,16.11111111111111,20.27777777777778,0.0,2.24,0,0,1
2022-06-18,23.88888888888889,15.0,19.444444444444443,0.0,1.79,0,0,0
2022-06-19,24.444444444444443,15.555555555555555,20.0,0.0,2.24,0,0,0
2022-06-20,31.666666666666664,15.555555555555555,23.61111111111111,0.0,1.12,0,0,0
2022-06-21,30.0,17.22222222222222,23.61111111111111,0.0,1.12,0,0,0
2022-06-22,26.666666666666664,16.666666666666668,21.666666666666668,0.254,1.34,0,0,0
2022-06-23,27.22222222222222,17.22222222222222,22.22222222222222,0.0,1.57,1,0,1
2022-06-24,27.77777777777778,16.11111111111111,21.944444444444443,0.0,1.57,1,0,1
2022-06-25,28.88888888888889,15.555555555555555,22.22222222222222,0.0,1.34,1,0,1
2022-06-26,28.333333333333332,16.11111111111111,22.22222222222222,0.0,1.12,1,0,1
2022-06-27,30.0,16.666666666666668,23.333333333333332,0.0,1.79,1,0,1
2022-06-28,32.22222222222222,17.22222222222222,24.72222222222222,0.0,1.12,0,0,0
2022-06-29,31.666666666666664,17.77777777777778,24.72222222222222,0.0,2.01,1,0,1
2022-06-30,28.88888888888889,17.22222222222222,23.055555555555554,0.0,2.01,1,0,1
2022-07-01,28.333333333333332,17.22222222222222,22.77777777777778,0.0,2.24,1,0,1
2022-07-02,27.22222222222222,16.666666666666668,21.944444444444443,0.0,1.79,0,0,0
2022-07-03,26.666666666666664,16.11111111111111,21.38888888888889,0.0,1.79,0,0,0
2022-07-04,25.0,16.11111111111111,20.555555555555554,0.0,2.01,0,0,1
2022-07-05,26.11111111111111,16.11111111111111,21.11111111111111,0.0,2.24,1,0,1
2022-07-06,26.666666666666664,17.22222222222222,21.944444444444443,0.0,1.79,0,0,1
2022-07-07,27.77777777777778,16.11111111111111,21.944444444444443,0.0,2.01,0,0,0
2022-07-08,27.77777777777778,16.11111111111111,21.944444444444443,0.0,1.34,1,0,0
2022-07-09,25.555555555555554,16.11111111111111,20.833333333333332,0.0,2.01,1,0,1
2022-07-10,28.88888888888889,16.666666666666668,22.77777777777778,0.0,1.34,0,0,0
2022-07-11,25.555555555555554,16.11111111111111,20.833333333333332,0.0,2.46,1,0,1
2022-07-12,25.0,16.11111111111111,20.555555555555554,0.0,2.01,0,0,1
2022-07-13,23.88888888888889,15.555555555555555,19.72222222222222,0.0,2.01,1,0,1
2022-07-14,25.0,16.666666666666668,20.833333333333332,0.0,1.57,0,0,1
2022-07-15,26.11111111111111,17.22222222222222,21.666666666666668,0.0,1.79,0,0,0
2022-07-16,26.666666666666664,17.22222222222222,21.944444444444443,0.0,1.57,1,0,1
2022-07-17,33.888888888888886,17.22222222222222,25.555555555555554,0.0,1.34,0,0,0
2022-07-18,31.11111111111111,19.444444444444443,25.27777777777778,0.0,2.01,0,0,1
2022-07-19,28.88888888888889,18.333333333333332,23.61111111111111,0.0,1.34,0,0,0
2022-07-20,29.444444444444443,18.333333333333332,23.88888888888889,0.0,1.57,0,0,0
2022-07-21,30.555555555555554,17.77777777777778,24.166666666666664,0.0,1.57,0,0,0
2022-07-22,28.333333333333332,17.22222222222222,22.77777777777778,0.0,1.79,1,0,1
2022-07-23,27.22222222222222,18.88888888888889,23.055555555555554,0.0,1.79,0,0,1
2022-07-24,28.88888888888889,17.77777777777778,23.333333333333332,0.0,1.57,0,0,1
2022-07-25,27.22222222222222,17.22222222222222,22.22222222222222,0.0,2.24,0,0,1
2022-07-26,26.11111111111111,17.22222222222222,21.666666666666668,0.0,2.68,0,0,1
2022-07-27,27.77777777777778,16.666666666666668,22.22222222222222,0.0,1.79,1,0,1
2022-07-28,29.444444444444443,17.22222222222222,23.333333333333332,0.0,1.12,0,0,1
2022-07-29,28.88888888888889,18.333333333333332,23.61111111111111,0.0,2.01,0,0,0
2022-07-30,27.22222222222222,18.88888888888889,23.055555555555554,0.0,1.12,0,0,1
2022-07-31,30.0,20.555555555555554,25.27777777777778,0.0,1.34,0,0,1
2022-08-01,29.444444444444443,19.444444444444443,24.444444444444443,0.0,2.01,1,0,0
2022-08-02,27.22222222222222,18.333333333333332,22.77777777777778,0.0,2.46,0,0,0
2022-08-03,27.77777777777778,18.333333333333332,23.055555555555554,0.0,2.46,0,0,0
2022-08-04,28.88888888888889,18.88888888888889,23.88888888888889,0.0,1.34,0,0,0
2022-08-05,28.88888888888889,18.88888888888889,23.88888888888889,0.0,2.24,0,0,0
2022-08-06,30.0,17.77777777777778,23.88888888888889,0.0,2.24,0,0,0
2022-08-07,32.77777777777778,17.22222222222222,25.0,0.0,1.12,0,0,0
2022-08-08,31.666666666666664,19.444444444444443,25.555555555555554,0.0,1.12,0,0,0
2022-08-09,33.333333333333336,21.666666666666668,27.5,0.0,1.12,0,0,0
2022-08-10,33.333333333333336,20.555555555555554,26.944444444444443,0.0,1.34,0,0,0
2022-08-11,31.11111111111111,19.444444444444443,25.27777777777778,0.0,1.34,0,0,1
2022-08-12,30.555555555555554,18.333333333333332,24.444444444444443,0.0,1.12,0,0,0
2022-08-13,32.22222222222222,19.444444444444443,25.833333333333332,0.0,1.57,0,0,0
2022-08-14,31.666666666666664,19.444444444444443,25.555555555555554,0.0,1.79,0,0,0
2022-08-15,30.555555555555554,18.333333333333332,24.444444444444443,0.0,1.12,0,0,0
2022-08-16,29.444444444444443,18.333333333333332,23.88888888888889,0.0,1.34,0,0,1
2022-08-17,28.88888888888889,18.333333333333332,23.61111111111111,0.0,1.34,0,0,0
2022-08-18,26.11111111111111,16.666666666666668,21.38888888888889,0.0,2.01,1,0,0
2022-08-19,27.77777777777778,16.666666666666668,22.22222222222222,0.0,1.34,1,0,0
2022-08-20,27.77777777777778,18.88888888888889,23.333333333333332,0.0,0.89,0,0,0
2022-08-21,26.666666666666664,18.333333333333332,22.5,0.0,1.12,0,0,1
2022-08-22,25.555555555555554,17.77777777777778,21.666666666666668,0.0,2.01,1,0,0
2022-08-23,27.22222222222222,17.22222222222222,22.22222222222222,0.0,1.34,1,0,1
2022-08-24,29.444444444444443,18.88888888888889,24.166666666666664,0.0,0.22,1,0,1
2022-08-25,31.11111111111111,18.88888888888889,25.0,0.0,2.01,0,0,0
2022-08-26,28.88888888888889,17.77777777777778,23.333333333333332,0.0,1.12,1,0,1
2022-08-27,28.333333333333332,18.333333333333332,23.333333333333332,0.0,2.01,1,0,1
2022-08-28,27.22222222222222,18.333333333333332,22.77777777777778,0.0,2.01,0,0,0
2022-08-29,26.11111111111111,17.77777777777778,21.944444444444443,0.0,1.79,0,0,1
2022-08-30,28.88888888888889,17.77777777777778,23.333333333333332,0.0,1.57,0,0,0
2022-08-31,32.77777777777778,19.444444444444443,26.11111111111111,0.0,1.12,0,0,0
2022-09-01,35.55555555555556,23.333333333333332,29.444444444444443,0.0,1.34,0,0,1
2022-09-02,35.55555555555556,22.22222222222222,28.88888888888889,0.0,1.34,0,0,0
2022-09-03,36.666666666666664,23.88888888888889,30.27777777777778,0.0,1.12,0,0,0
2022-09-04,39.44444444444444,25.0,32.22222222222222,0.0,1.12,0,0,0
2022-09-05,36.11111111111111,23.333333333333332,29.72222222222222,0.0,1.12,0,0,0
2022-09-06,33.888888888888886,22.77777777777778,28.333333333333332,0.0,1.34,0,0,0
2022-09-07,37.22222222222222,22.22222222222222,29.72222222222222,0.0,0.67,0,0,0
2022-09-08,36.666666666666664,22.77777777777778,29.72222222222222,0.0,2.01,0,0,0
2022-09-09,36.666666666666664,21.11111111111111,28.88888888888889,3.0479999999999996,4.25,1,0,0
2022-09-10,26.666666666666664,21.11111111111111,23.88888888888889,6.095999999999999,0.45,1,0,0
2022-09-11,30.555555555555554,23.333333333333332,26.944444444444443,0.254,2.24,0,0,1
2022-09-12,29.444444444444443,21.11111111111111,25.27777777777778,0.0,2.91,0,0,0
2022-09-13,27.77777777777778,20.555555555555554,24.166666666666664,0.0,1.57,0,0,0
2022-09-14,27.77777777777778,20.0,23.88888888888889,0.0,2.24,0,0,0
2022-09-15,26.11111111111111,18.88888888888889,22.5,0.0,1.57,0,0,0
2022-09-16,26.666666666666664,18.333333333333332,22.5,0.0,2.01,0,0,1
2022-09-17,25.0,18.88888888888889,21.944444444444443,0.0,1.34,1,0,1
2022-09-18,23.88888888888889,17.77777777777778,20.833333333333332,0.0,2.91,0,0,0
2022-09-19,25.0,17.22222222222222,21.11111111111111,0.0,1.79,0,0,1
2022-09-20,26.666666666666664,17.22222222222222,21.944444444444443,0.0,1.79,0,0,0
2022-09-21,26.11111111111111,16.666666666666668,21.38888888888889,0.0,1.12,0,0,1
2022-09-22,29.444444444444443,16.11111111111111,22.77777777777778,0.0,1.34,0,0,0
2022-09-23,30.0,15.555555555555555,22.77777777777778,0.0,1.12,0,0,0
2022-09-24,30.0,18.88888888888889,24.444444444444443,0.0,1.12,0,0,1
2022-09-25,30.0,18.88888888888889,24.444444444444443,0.0,1.12,0,0,0
2022-09-26,30.0,18.88888888888889,24.444444444444443,0.0,1.12,0,0,0
2022-09-27,31.11111111111111,18.88888888888889,25.0,0.0,1.34,1,0,0
2022-09-28,31.666666666666664,19.444444444444443,25.555555555555554,0.0,1.57,0,0,0
2022-09-29,26.666666666666664,18.333333333333332,22.5,0.0,1.12,1,1,1
2022-09-30,26.11111111111111,18.88888888888889,22.5,0.0,1.57,1,0,1
2022-10-01,23.88888888888889,18.333333333333332,21.11111111111111,0.0,2.01,0,0,0
2022-10-02,24.444444444444443,17.22222222222222,20.833333333333332,0.0,1.12,0,0,0
2022-10-03,24.444444444444443,16.11111111111111,20.27777777777778,0.0,1.12,0,0,0
2022-10-04,27.77777777777778,16.666666666666668,22.22222222222222,0.0,1.34,0,0,0
2022-10-05,26.11111111111111,18.88888888888889,22.5,0.0,1.34,1,0,1
2022-10-06,25.0,18.88888888888889,21.944444444444443,0.0,0.67,1,0,1
2022-10-07,26.11111111111111,18.333333333333332,22.22222222222222,0.0,1.34,1,0,1
2022-10-08,26.666666666666664,17.77777777777778,22.22222222222222,0.0,1.12,1,0,1
2022-10-09,25.0,17.22222222222222,21.11111111111111,0.0,1.57,1,0,1
2022-10-10,25.0,16.666666666666668,20.833333333333332,0.0,1.12,1,0,1
2022-10-11,24.444444444444443,18.333333333333332,21.38888888888889,0.0,1.34,0,0,0
2022-10-12,25.555555555555554,18.88888888888889,22.22222222222222,0.0,2.01,0,0,0
2022-10-13,22.77777777777778,18.333333333333332,20.555555555555554,0.0,0.45,1,0,1
2022-10-14,21.11111111111111,17.77777777777778,19.444444444444443,0.0,0.0,1,0,1
2022-10-15,21.666666666666668,17.22222222222222,19.444444444444443,0.508,1.34,1,0,1
2022-10-16,21.666666666666668,15.555555555555555,18.61111111111111,0.0,1.12,1,0,0
2022-10-17,25.0,14.444444444444445,19.72222222222222,0.0,0.89,0,0,0
2022-10-18,30.0,15.555555555555555,22.77777777777778,0.0,1.12,1,0,0
2022-10-19,33.888888888888886,17.77777777777778,25.833333333333332,0.0,1.34,0,0,1
2022-10-20,31.11111111111111,19.444444444444443,25.27777777777778,0.0,1.34,0,0,1
2022-10-21,25.555555555555554,18.333333333333332,21.944444444444443,0.0,1.12,1,0,1
2022-10-22,21.11111111111111,16.11111111111111,18.61111111111111,0.0,1.34,0,0,0
2022-10-23,22.22222222222222,13.333333333333332,17.77777777777778,0.0,1.57,0,0,0
2022-10-24,23.88888888888889,11.666666666666666,17.77777777777778,0.0,0.67,0,0,0
2022-10-25,24.444444444444443,11.666666666666666,18.055555555555554,0.0,0.67,0,0,0
2022-10-26,22.22222222222222,12.222222222222221,17.22222222222222,0.0,1.34,0,0,1
2022-10-27,23.88888888888889,12.777777777777777,18.333333333333332,0.0,0.89,0,0,1
2022-10-28,23.88888888888889,12.222222222222221,18.055555555555554,0.0,0.45,0,0,1
2022-10-29,23.88888888888889,11.666666666666666,17.77777777777778,0.0,0.67,0,0,0
2022-10-30,25.555555555555554,11.666666666666666,18.61111111111111,0.0,0.67,0,0,0
2022-10-31,24.444444444444443,11.666666666666666,18.055555555555554,0.0,0.67,0,0,0
2022-11-01,21.666666666666668,15.0,18.333333333333332,0.254,1.79,1,0,0
2022-11-02,19.444444444444443,11.666666666666666,15.555555555555555,2.794,2.46,1,0,1
2022-11-03,18.333333333333332,9.444444444444445,13.88888888888889,0.0,3.8,0,0,0
2022-11-04,19.444444444444443,8.333333333333334,13.88888888888889,0.0,0.89,0,0,0
2022-11-05,20.555555555555554,8.88888888888889,14.722222222222221,0.0,0.89,0,0,1
2022-11-06,20.555555555555554,10.555555555555555,15.555555555555555,0.0,1.12,0,0,0
2022-11-07,17.77777777777778,12.777777777777777,15.277777777777777,3.8099999999999996,2.24,1,0,1
2022-11-08,18.88888888888889,10.555555555555555,14.722222222222221,43.434,1.57,1,0,1
2022-11-09,18.333333333333332,10.0,14.166666666666666,0.0,0.67,0,0,0
2022-11-10,21.11111111111111,7.777777777777778,14.444444444444445,0.0,0.22,0,0,0
2022-11-11,21.666666666666668,8.88888888888889,15.277777777777777,0.0,1.57,0,0,0
2022-11-12,21.666666666666668,9.444444444444445,15.555555555555555,0.0,1.12,0,0,0
2022-11-13,21.666666666666668,8.88888888888889,15.277777777777777,0.0,1.57,0,0,0
2022-11-14,21.11111111111111,8.333333333333334,14.722222222222221,0.0,0.89,0,0,1
2022-11-15,22.77777777777778,9.444444444444445,16.11111111111111,0.0,0.45,0,0,0
2022-11-16,24.444444444444443,8.333333333333334,16.38888888888889,0.0,0.67,0,0,1
2022-11-17,24.444444444444443,8.333333333333334,16.38888888888889,0.0,1.12,0,0,0
2022-11-18,21.666666666666668,8.333333333333334,15.0,0.0,0.89,0,0,1
2022-11-19,24.444444444444443,8.333333333333334,16.38888888888889,0.0,0.0,0,0,0
2022-11-20,26.11111111111111,10.555555555555555,18.333333333333332,0.0,1.12,0,0,0
2022-11-21,24.444444444444443,11.666666666666666,18.055555555555554,0.0,2.01,0,0,0
2022-11-22,24.444444444444443,11.11111111111111,17.77777777777778,0.0,1.12,0,0,1
2022-11-23,23.333333333333332,8.333333333333334,15.833333333333332,0.0,0.22,1,0,1
2022-11-24,25.555555555555554,8.333333333333334,16.944444444444443,0.0,0.67,1,0,1
2022-11-25,23.88888888888889,8.88888888888889,16.38888888888889,0.0,1.57,0,0,0
2022-11-26,22.22222222222222,8.333333333333334,15.277777777777777,0.0,0.45,0,0,1
2022-11-27,21.666666666666668,8.333333333333334,15.0,0.0,0.67,1,0,1
2022-11-28,18.333333333333332,13.88888888888889,16.11111111111111,0.0,2.24,1,0,1
2022-11-29,18.333333333333332,11.666666666666666,15.0,0.0,1.12,0,0,0
2022-11-30,18.333333333333332,10.0,14.166666666666666,0.0,2.01,0,0,0
2022-12-01,16.11111111111111,12.777777777777777,14.444444444444445,0.0,2.01,0,0,0
2022-12-02,16.666666666666668,11.666666666666666,14.166666666666666,3.0479999999999996,2.68,1,0,0
2022-12-03,21.666666666666668,11.11111111111111,16.38888888888889,0.0,0.89,1,0,0
2022-12-04,18.333333333333332,12.222222222222221,15.277777777777777,0.508,0.0,1,0,0
2022-12-05,17.22222222222222,12.222222222222221,14.722222222222221,0.0,1.57,1,0,0
2022-12-06,17.22222222222222,10.0,13.61111111111111,0.0,2.68,0,0,1
2022-12-07,16.666666666666668,8.333333333333334,12.5,0.0,1.12,0,0,0
2022-12-08,17.22222222222222,7.222222222222222,12.222222222222221,0.0,0.67,0,0,0
2022-12-09,17.22222222222222,6.666666666666666,11.944444444444445,0.0,0.22,0,0,1
2022-12-10,17.77777777777778,7.777777777777778,12.777777777777777,0.0,0.67,1,0,0
2022-12-11,15.555555555555555,7.777777777777778,11.666666666666666,21.081999999999997,3.58,1,0,0
2022-12-12,13.333333333333332,7.222222222222222,10.277777777777777,6.604,2.01,1,0,1
2022-12-13,16.666666666666668,6.666666666666666,11.666666666666666,0.0,1.34,0,0,0
2022-12-14,17.22222222222222,6.111111111111111,11.666666666666666,0.0,0.89,0,0,0
2022-12-15,17.22222222222222,7.222222222222222,12.222222222222221,0.0,0.67,0,0,0
2022-12-16,20.555555555555554,8.88888888888889,14.722222222222221,0.0,0.67,0,0,0
2022-12-17,18.88888888888889,8.88888888888889,13.88888888888889,0.0,2.01,0,0,0
2022-12-18,18.88888888888889,7.222222222222222,13.055555555555555,0.0,1.79,0,0,1
2022-12-19,19.444444444444443,5.555555555555555,12.5,0.0,0.67,0,0,0
2022-12-20,19.444444444444443,8.88888888888889,14.166666666666666,0.0,0.89,0,0,0
2022-12-21,21.666666666666668,6.666666666666666,14.166666666666666,0.0,0.67,0,0,0
2022-12-22,21.666666666666668,8.333333333333334,15.0,0.0,0.22,1,0,1
2022-12-23,21.11111111111111,8.333333333333334,14.722222222222221,0.0,0.45,1,0,1
2022-12-24,26.11111111111111,8.333333333333334,17.22222222222222,0.0,0.0,1,0,0
2022-12-25,28.88888888888889,12.777777777777777,20.833333333333332,0.0,0.89,0,0,0
2022-12-26,27.22222222222222,13.333333333333332,20.27777777777778,0.0,0.67,0,0,0
2022-12-27,18.333333333333332,12.777777777777777,15.555555555555555,11.43,1.12,1,0,0
2022-12-28,17.77777777777778,10.555555555555555,14.166666666666666,0.254,0.89,1,0,1
2022-12-29,16.11111111111111,13.333333333333332,14.722222222222221,0.0,1.12,0,0,0
2022-12-30,15.555555555555555,13.333333333333332,14.444444444444445,0.254,0.45,1,0,0
2022-12-31,15.555555555555555,13.88888888888889,14.722222222222221,28.194000000000003,2.91,1,0,0
